accession,subtype,cluster_id,split
YCZ87922,H1,15,train
YCJ10324,H1,113,val
YCJ10322,H1,208,train
YCJ10321,H1,208,train
YCJ10320,H1,208,train
YCJ10319,H1,208,train
YCB21470,H1,34,train
YCB21459,H1,34,train
YCB21448,H1,34,train
YCB21415,H1,34,train
YCB21360,H1,34,train
YCB21294,H1,36,train
YCB21283,H1,36,train
YCB21206,H1,34,train
YCB21195,H1,34,train
YCB21184,H1,34,train
YCB21174,H1,34,train
YCB20910,H1,34,train
YCB20877,H1,34,train
YCB20833,H1,34,train
YCB20822,H1,34,train
YCB20712,H1,34,train
YCB20462,H1,34,train
YBP46471,H1,41,train
YBP08981,H1,42,test
YAO56756,H1,42,test
XUN73554,H1,15,train
XUN72982,H1,34,train
XUN72696,H1,42,test
XUN71387,H1,34,train
XUN70991,H1,42,test
XUN70683,H1,42,test
XUN70650,H1,42,test
XUN70639,H1,42,test
XUN69979,H1,42,test
XUN69957,H1,42,test
XUN69467,H1,42,test
XUN69279,H1,42,test
XPO14822,H1,36,train
XHW86885,H1,34,train
XHW86863,H1,34,train
XHW86819,H1,34,train
XHW86786,H1,42,test
XHW86709,H1,34,train
XHW86610,H1,34,train
XHW86599,H1,36,train
XHW86588,H1,36,train
XHW86577,H1,34,train
XHW86544,H1,34,train
XHW86533,H1,34,train
XHW86522,H1,34,train
XHW86456,H1,34,train
XHW86445,H1,34,train
XHW86435,H1,34,train
XHW86413,H1,34,train
XHW86336,H1,34,train
XHW86325,H1,34,train
XHW86314,H1,34,train
XFC84591,H1,34,train
XFC84492,H1,34,train
XFC84481,H1,34,train
XFC84415,H1,36,train
XFC84382,H1,34,train
XFC84162,H1,36,train
XFC84151,H1,34,train
XFC84140,H1,34,train
XFC84129,H1,34,train
XFC84118,H1,34,train
XFC84107,H1,34,train
XFC83999,H1,34,train
XFC83823,H1,34,train
XFC83790,H1,34,train
XFC83779,H1,34,train
XFC83735,H1,34,train
XFC83680,H1,34,train
XFC83669,H1,34,train
XFC83649,H1,34,train
XFC83613,H1,34,train
XFC83548,H1,34,train
XFC83529,H1,34,train
XFC83257,H1,36,train
XFC83093,H1,34,train
XFC83071,H1,34,train
XFC83060,H1,34,train
XFC82821,H1,36,train
XFC82810,H1,36,train
XFC81990,H1,34,train
XFC81968,H1,34,train
XFC81935,H1,34,train
XFC81836,H1,34,train
XFC81627,H1,34,train
XFC81616,H1,34,train
XFC80876,H1,36,train
XFC80799,H1,34,train
XFC80788,H1,34,train
XFC80667,H1,36,train
XFC80645,H1,36,train
XFC80612,H1,36,train
XFC79855,H1,36,train
XFC79707,H1,34,train
XFC79700,H1,36,train
XFB56339,H1,34,train
XEQ90830,H1,36,train
XCV19025,H1,71,train
XCV19023,H1,73,test
XCV19022,H1,73,test
XCV19021,H1,73,test
XCV19017,H1,73,test
XCV19016,H1,71,train
XCV19014,H1,73,test
XCV19011,H1,73,test
XCV18999,H1,73,test
XCV18951,H1,71,train
XCV18881,H1,87,test
XCV18880,H1,87,test
XCV18871,H1,87,test
XCV18869,H1,87,test
XCV18839,H1,92,train
XCV18830,H1,92,train
XCV18829,H1,92,train
XCV18823,H1,92,train
XCV18819,H1,1,val
XCV18818,H1,1,val
XCV18817,H1,1,val
XCV18816,H1,95,val
XCV18693,H1,103,train
XCV18692,H1,103,train
XCV18690,H1,103,train
XCV18683,H1,103,train
XCV18633,H1,113,val
XCV18631,H1,113,val
XCV18629,H1,113,val
XCV18584,H1,73,test
XCV18544,H1,73,test
XCV18543,H1,73,test
XCV18267,H1,1,val
XCV18257,H1,92,train
XCV18144,H1,95,val
XCV18137,H1,95,val
XCV18113,H1,95,val
XCV18109,H1,95,val
XCV18100,H1,144,val
XCV18073,H1,144,val
XCV18060,H1,144,val
XCV18059,H1,144,val
XCV18057,H1,144,val
XCV18056,H1,144,val
XCV18055,H1,144,val
XCV18053,H1,144,val
XCV18052,H1,144,val
XCV18050,H1,144,val
XCV18039,H1,150,val
XCV18023,H1,92,train
XCV17990,H1,92,train
XCV17985,H1,87,test
XCV17980,H1,92,train
XCV17979,H1,92,train
XCV17978,H1,150,val
XCV17976,H1,92,train
XCV17867,H1,150,val
XCV17667,H1,113,val
XCV17666,H1,113,val
XCV17665,H1,113,val
XCV17659,H1,113,val
XCV17658,H1,113,val
XCV17657,H1,113,val
XCV17656,H1,113,val
XCB11815,H1,87,test
XCB11814,H1,87,test
WZE56920,H1,34,train
WZE56777,H1,36,train
WZE56534,H1,36,train
WZE56502,H1,36,train
WZE56469,H1,36,train
WZE56458,H1,36,train
WZE56177,H1,36,train
WZE56166,H1,36,train
WZE56144,H1,34,train
WZE56012,H1,36,train
WZE55990,H1,36,train
WZE55979,H1,36,train
WZE55957,H1,36,train
WZE55948,H1,36,train
WZE55750,H1,36,train
WZE55563,H1,36,train
WZE55530,H1,36,train
WZE55486,H1,36,train
WZE54937,H1,34,train
WZE54578,H1,36,train
WZE54539,H1,36,train
WPN07623,H1,87,test
WPN07622,H1,208,train
WPN07621,H1,208,train
WPN07620,H1,150,val
WFH85356,H1,95,val
WBS16660,H1,1,val
WBP78003,H1,208,train
WBP78002,H1,87,test
WBP78001,H1,87,test
WBP78000,H1,208,train
WBP77999,H1,208,train
WBP77998,H1,150,val
WBP77997,H1,208,train
WBP77996,H1,208,train
WBP77995,H1,208,train
WBP77994,H1,208,train
WBP77993,H1,208,train
WBP77992,H1,208,train
WBP77991,H1,208,train
WBP77990,H1,208,train
WBP77989,H1,87,test
WBP77988,H1,87,test
WBP77987,H1,208,train
WBP77986,H1,208,train
WBP77985,H1,208,train
WBP77984,H1,208,train
WBP77983,H1,87,test
WBP77982,H1,87,test
WBP77981,H1,87,test
WBP77980,H1,208,train
WBP77979,H1,87,test
WBP77978,H1,87,test
WBP77977,H1,208,train
WBP77976,H1,208,train
WBP77975,H1,150,val
WBP77974,H1,208,train
WBP77973,H1,208,train
WBP77972,H1,208,train
WBP77971,H1,208,train
WBP77970,H1,208,train
WBP77969,H1,208,train
WBP77968,H1,208,train
WBP77967,H1,208,train
WBP77966,H1,87,test
WBP77965,H1,87,test
WBP77964,H1,208,train
WBP77963,H1,208,train
WBP77962,H1,208,train
WBP77961,H1,208,train
WBP77960,H1,87,test
WBP77959,H1,87,test
WBP77958,H1,87,test
WBP77957,H1,208,train
WBP77956,H1,87,test
WBP77955,H1,87,test
WBP77954,H1,208,train
WBP77953,H1,208,train
WBP77952,H1,150,val
WBG95998,H1,103,train
WBG95993,H1,87,test
WBG95980,H1,41,train
WBG95967,H1,150,val
WBG95961,H1,41,train
WBG95946,H1,41,train
WBG95937,H1,144,val
WBG95934,H1,41,train
WBG95931,H1,95,val
WBG95930,H1,95,val
WBG95927,H1,95,val
WBG95925,H1,113,val
WBG95919,H1,150,val
WBG95916,H1,113,val
WBG95912,H1,1,val
WBG95907,H1,150,val
WBG95890,H1,208,train
WBG95883,H1,113,val
WBG95878,H1,150,val
WBG95875,H1,113,val
WBG95873,H1,92,train
WBG95860,H1,150,val
WBG95855,H1,150,val
WBG95851,H1,211,test
WBG95844,H1,41,train
WBG95843,H1,150,val
WBG95834,H1,87,test
WBG95831,H1,95,val
WBG95823,H1,41,train
WBG95797,H1,92,train
WBG95796,H1,1,val
WBG95791,H1,41,train
WBG95754,H1,150,val
WBG95748,H1,41,train
WBG95733,H1,95,val
WBG95726,H1,228,train
WBG95721,H1,103,train
WBG95715,H1,95,val
WBG95712,H1,150,val
WBG95711,H1,113,val
WBG95701,H1,41,train
WBG95691,H1,113,val
WBG95687,H1,41,train
WBG95679,H1,95,val
WBG95671,H1,41,train
WBG95667,H1,150,val
WBG95663,H1,144,val
WBG95643,H1,95,val
WBG95637,H1,95,val
WBG95622,H1,150,val
WBG95608,H1,95,val
WBG95604,H1,208,train
WBG95572,H1,41,train
WBG95558,H1,41,train
WBG95553,H1,144,val
WBG95549,H1,95,val
WBG95548,H1,113,val
WBG95547,H1,113,val
WBG95535,H1,41,train
UXC94675,H1,208,train
UXC94674,H1,87,test
UXC94673,H1,87,test
UXC94672,H1,208,train
UXC94671,H1,208,train
UXC94670,H1,208,train
UXC94669,H1,208,train
UXC94668,H1,208,train
UXC94667,H1,87,test
UXC94666,H1,87,test
UXC94665,H1,208,train
UXC94664,H1,208,train
UXC94663,H1,208,train
UXC94662,H1,103,train
UXC94661,H1,208,train
UXC94660,H1,208,train
UXC94659,H1,208,train
UXC94657,H1,208,train
UXC94656,H1,208,train
UXC94655,H1,208,train
UWY17006,H1,113,val
UWY17005,H1,208,train
UWY17003,H1,208,train
UWY17002,H1,208,train
UWY16824,H1,208,train
UWY16823,H1,208,train
UWY16822,H1,208,train
UWY16821,H1,208,train
UWY16820,H1,208,train
UWY16819,H1,208,train
UWY16818,H1,208,train
UWY16817,H1,208,train
UWY16816,H1,208,train
UWY16815,H1,208,train
UWY16814,H1,208,train
UWY16813,H1,208,train
UWY16812,H1,208,train
UWY16811,H1,208,train
UWY16810,H1,208,train
UWY16809,H1,208,train
UWY16808,H1,208,train
UWY16807,H1,208,train
UWY16806,H1,208,train
UWY16805,H1,208,train
UWY16804,H1,208,train
UWY16803,H1,208,train
UWY16802,H1,150,val
UWW34154,H1,87,test
UWW34153,H1,150,val
UWW34152,H1,87,test
UWW34151,H1,87,test
UWW34150,H1,208,train
UWW34149,H1,208,train
UWW34148,H1,208,train
UWW34147,H1,208,train
UWW34146,H1,208,train
UWW34145,H1,208,train
UWW34144,H1,208,train
UWW34143,H1,113,val
UWW34142,H1,208,train
UWW34141,H1,113,val
UWW34140,H1,208,train
UWW34139,H1,113,val
UWW34138,H1,208,train
UWW34137,H1,113,val
UWW34136,H1,208,train
QPQ50076,H1,1,val
QPQ49960,H1,265,test
QKX08606,H1,71,train
QKX08605,H1,71,train
QKX08602,H1,71,train
QKX08603,H1,71,train
QKX08601,H1,71,train
QKX08588,H1,73,test
QKX08585,H1,71,train
QKX08582,H1,113,val
QKX08580,H1,71,train
QKX08578,H1,71,train
QKX08577,H1,71,train
QKX08574,H1,71,train
QKX08575,H1,113,val
QKX08548,H1,71,train
QKX08572,H1,71,train
QKX08546,H1,71,train
QKX08545,H1,71,train
QKX08532,H1,71,train
QKX08533,H1,71,train
QKX08531,H1,71,train
QKX08530,H1,71,train
QKX08526,H1,71,train
QKX08525,H1,71,train
QKX08524,H1,71,train
QJI52656,H1,95,val
QIZ31704,H1,41,train
QIZ31694,H1,41,train
QIV14108,H1,95,val
QIQ44212,H1,95,val
QIA57521,H1,144,val
ATV83577,H1,113,val
ATJ01980,H1,113,val
QFU20133,H1,92,train
QDR48025,H1,92,train
QDE05253,H1,144,val
QCG82571,H1,1,val
QBM03088,H1,92,train
QBL90347,H1,150,val
AYA22049,H1,71,train
AYA22048,H1,71,train
AVV64955,H1,113,val
AVV64954,H1,113,val
AVV64953,H1,113,val
AVV64952,H1,113,val
AVV64951,H1,71,train
AVV64950,H1,71,train
AVV64949,H1,71,train
AVV64948,H1,71,train
AVV64947,H1,71,train
AVV64946,H1,71,train
AVV64945,H1,71,train
AVV64944,H1,71,train
AVV64943,H1,71,train
AXY81023,H1,208,train
AXY80579,H1,208,train
AXF93468,H1,87,test
AXF93440,H1,87,test
AXF93428,H1,87,test
AXF93419,H1,265,test
AXF93412,H1,208,train
AXF93400,H1,208,train
AXF93393,H1,103,train
AXF93323,H1,208,train
AXF92791,H1,87,test
AFH74465,H1,211,test
AEI91998,H1,211,test
AEI91977,H1,211,test
AOZ86615,H1,113,val
AOZ86532,H1,113,val
AOZ86516,H1,113,val
AOZ86357,H1,113,val
AOZ86331,H1,113,val
AOZ86289,H1,113,val
AOZ86283,H1,113,val
AOZ86247,H1,113,val
AOZ85573,H1,113,val
ANE23927,H1,71,train
AGI55521,H1,211,test
ASB32935,H1,73,test
ASB32833,H1,73,test
ARQ86095,H1,113,val
AJY54596,H1,73,test
APR73245,H1,73,test
APR73244,H1,385,train
APR73235,H1,73,test
ADM18097,H1,73,test
AKM15186,H1,411,train
AGB13082,H1,211,test
BAQ19416,H1,421,train
AIN25596,H1,73,test
AIN25586,H1,73,test
AIN25551,H1,73,test
AIN25541,H1,73,test
AHL21543,H1,73,test
AFJ76169,H1,211,test
AFY09646,H1,385,train
AFX96359,H1,228,train
AFX96347,H1,211,test
ADG85245,H1,211,test
ADG85241,H1,211,test
ADG85237,H1,385,train
ADG85229,H1,211,test
BAJ40064,H1,228,train
BAJ40063,H1,211,test
BAJ40062,H1,228,train
BAJ40061,H1,211,test
BAJ40060,H1,211,test
BAJ40059,H1,228,train
BAJ40058,H1,228,train
BAJ40057,H1,228,train
BAJ40055,H1,411,train
BAJ40054,H1,211,test
BAJ40053,H1,228,train
BAJ40051,H1,211,test
BAJ40050,H1,211,test
BAJ40049,H1,228,train
BAJ40048,H1,228,train
BAJ40047,H1,228,train
BAJ40045,H1,228,train
BAJ40043,H1,228,train
BAJ40041,H1,228,train
BAJ40039,H1,211,test
BAJ40038,H1,385,train
BAJ40037,H1,228,train
BAJ40035,H1,228,train
BAJ40034,H1,228,train
BAJ40032,H1,228,train
BAJ40031,H1,211,test
BAJ40029,H1,228,train
BAJ40025,H1,228,train
BAJ40024,H1,228,train
BAJ40017,H1,211,test
BAJ40016,H1,228,train
BAJ40015,H1,228,train
BAJ40014,H1,228,train
BAJ40013,H1,228,train
BAJ40012,H1,211,test
BAJ40011,H1,228,train
BAJ40010,H1,421,train
BAJ40008,H1,211,test
BAJ40007,H1,211,test
BAJ40002,H1,211,test
BAJ40000,H1,228,train
BAJ39999,H1,228,train
BAJ39998,H1,211,test
BAJ39997,H1,228,train
BAJ39996,H1,211,test
BAJ39995,H1,228,train
BAJ39993,H1,211,test
BAJ39991,H1,228,train
BAJ39990,H1,211,test
BAJ39989,H1,211,test
BAJ39988,H1,211,test
BAJ39987,H1,228,train
BAJ39985,H1,211,test
BAJ39984,H1,421,train
BAJ39983,H1,211,test
BAJ39982,H1,211,test
BAJ39980,H1,228,train
BAJ39977,H1,211,test
BAJ39975,H1,211,test
BAJ39974,H1,211,test
BAJ39972,H1,211,test
BAJ39971,H1,211,test
BAJ39970,H1,211,test
BAJ39969,H1,228,train
BAJ39968,H1,211,test
BAJ39966,H1,211,test
BAJ39965,H1,211,test
BAJ39964,H1,228,train
BAJ39963,H1,211,test
BAJ39961,H1,211,test
BAJ39960,H1,211,test
BAJ39957,H1,228,train
BAJ39956,H1,211,test
BAJ39954,H1,228,train
BAJ39953,H1,228,train
BAJ39952,H1,228,train
BAJ39951,H1,228,train
BAJ39950,H1,211,test
BAJ39949,H1,228,train
ACQ73204,H1,73,test
ACQ73203,H1,73,test
XCV18883,H3,177,val
XCV18687,H3,201,test
XCV18009,H3,201,test
XCV18007,H3,201,test
XCV17932,H3,177,val
XCV17892,H3,177,val
XCV17852,H3,201,test
WOA06538,H3,289,train
WOA06537,H3,289,train
WCF71421,H3,177,val
WCF71387,H3,177,val
WCF71318,H3,201,test
WCF71330,H3,201,test
WCF71148,H3,201,test
WCF71034,H3,201,test
WCF70998,H3,289,train
WCF70886,H3,201,test
WCF70898,H3,201,test
USO97899,H3,318,test
QHF16199,H3,289,train
QFU20134,H3,201,test
QDX11291,H3,201,test
QCW13014,H3,201,test
QCW12961,H3,177,val
AVZ24025,H3,289,train
AVZ24024,H3,289,train
AVZ24023,H3,289,train
AVZ24018,H3,289,train
AVZ24017,H3,289,train
AVZ24016,H3,289,train
AVZ24012,H3,289,train
AVZ23187,H3,289,train
AVZ23186,H3,289,train
AVZ23185,H3,289,train
AVZ23184,H3,289,train
AVZ23183,H3,289,train
AVZ23182,H3,289,train
AVZ23181,H3,289,train
AVZ23180,H3,289,train
AVZ23179,H3,289,train
AVZ23173,H3,289,train
AVZ00484,H3,289,train
AVZ00483,H3,289,train
AVZ00482,H3,289,train
QBS20860,H3,201,test
QBS20503,H3,177,val
QBP38183,H3,201,test
QBL91215,H3,201,test
QAU20362,H3,177,val
AZS63843,H3,177,val
AYM50085,H3,177,val
AYM50065,H3,177,val
AXY84091,H3,177,val
AXU39235,H3,177,val
AXL27689,H3,177,val
AXF92829,H3,177,val
AXF92826,H3,177,val
AXF92824,H3,177,val
AXF92812,H3,177,val
AWT24838,H3,289,train
AWT24835,H3,289,train
AWT24834,H3,289,train
AWT24832,H3,289,train
AWT24828,H3,289,train
AWT24827,H3,289,train
AWT24825,H3,289,train
AWT24822,H3,289,train
AWT24820,H3,289,train
AWT24816,H3,177,val
AWT24812,H3,289,train
AWT24805,H3,289,train
AWT24802,H3,289,train
AWT24798,H3,289,train
AWT24796,H3,289,train
AWT24795,H3,289,train
AWT24794,H3,289,train
AWT24793,H3,289,train
AWT24791,H3,289,train
AWT24790,H3,289,train
AWT24789,H3,289,train
AWT24788,H3,289,train
AWT24784,H3,289,train
AWT24781,H3,289,train
AWT24779,H3,289,train
AWT24778,H3,289,train
AWT24777,H3,289,train
AWI45959,H3,177,val
AWI45948,H3,177,val
AWI45921,H3,177,val
AWI45895,H3,177,val
AWI45878,H3,177,val
AWI45856,H3,177,val
AWI45848,H3,177,val
AWI45838,H3,177,val
APB91017,H3,177,val
APB91003,H3,177,val
APB90381,H3,177,val
APB89487,H3,289,train
AOZ85491,H3,289,train
AIU46882,H3,177,val
AIU46863,H3,177,val
AIU46817,H3,318,test
AIU46772,H3,177,val
ARQ86319,H3,177,val
BAQ19416,H3,474,train
ADU20562,H3,474,train
ADU20561,H3,474,train
YFC56171,H5,70,train
YEV12931,H5,75,train
YER60193,H5,70,train
YEP46264,H5,70,train
YEP46247,H5,70,train
YEP45559,H5,70,train
YEP45540,H5,70,train
YEP45535,H5,70,train
YEP45527,H5,70,train
YEP45467,H5,70,train
YEP31388,H5,70,train
YEO13370,H5,70,train
YEO13340,H5,70,train
YEO13328,H5,70,train
YEO13297,H5,70,train
YEO13284,H5,70,train
YEO13254,H5,70,train
YEO13245,H5,70,train
YEO13209,H5,70,train
YEO13185,H5,70,train
YEO13165,H5,70,train
YEO13171,H5,70,train
YEO13148,H5,70,train
YEO13122,H5,70,train
YEO13139,H5,70,train
YEO13115,H5,70,train
YEL87993,H5,70,train
YEL87990,H5,70,train
YEL87969,H5,70,train
YEL87964,H5,70,train
XSS97160,H5,70,train
XAV27580,H5,70,train
XAV27544,H5,70,train
XAV26509,H5,70,train
XAV26335,H5,81,train
XXQ85024,H5,70,train
XXQ85027,H5,70,train
XXQ85026,H5,70,train
XXQ85022,H5,70,train
XXQ85021,H5,70,train
XXQ85019,H5,70,train
XJN13179,H5,70,train
XIF08952,H5,81,train
XAV28192,H5,81,train
XAV27856,H5,81,train
XAV27844,H5,81,train
XAV27832,H5,81,train
XAV27820,H5,81,train
XAV27808,H5,81,train
XAV27796,H5,81,train
XAV27784,H5,81,train
XAV27772,H5,81,train
XAV27760,H5,81,train
XAV27748,H5,81,train
XAV27736,H5,81,train
XAV27724,H5,81,train
XAV27712,H5,81,train
XAV27700,H5,81,train
XAV27688,H5,81,train
XAV27676,H5,81,train
XAV27664,H5,81,train
XAV27652,H5,81,train
XAV27640,H5,81,train
XAV27616,H5,81,train
XAV27604,H5,81,train
XAV27592,H5,70,train
XAV27568,H5,70,train
XAV27556,H5,81,train
XAV27532,H5,81,train
XAV27520,H5,81,train
XAV27508,H5,81,train
XAV27436,H5,81,train
XAV27424,H5,81,train
XAV27412,H5,81,train
XAV27304,H5,81,train
XAV27292,H5,81,train
XAV27280,H5,81,train
XAV27268,H5,81,train
XAV27256,H5,81,train
XAV27244,H5,81,train
XAV27232,H5,81,train
XAV27220,H5,81,train
XAV27208,H5,81,train
XAV26920,H5,70,train
XAV26908,H5,81,train
XAV26896,H5,81,train
XAV26884,H5,81,train
XAV26872,H5,81,train
XAV26860,H5,81,train
XAV26848,H5,81,train
XAV26788,H5,81,train
XAV26623,H5,81,train
XAV26584,H5,81,train
XAV26573,H5,81,train
XAV26563,H5,81,train
XAV26553,H5,81,train
XAV26544,H5,81,train
XAV26540,H5,81,train
XAV26533,H5,81,train
XAV26527,H5,81,train
XAV26518,H5,81,train
XAV26474,H5,81,train
XAV26465,H5,81,train
XAV26453,H5,81,train
XAV26442,H5,81,train
XAV26420,H5,81,train
XAV26413,H5,81,train
XAV26402,H5,81,train
XAV26391,H5,81,train
XAV26373,H5,81,train
XAV26300,H5,81,train
XAV26288,H5,81,train
XAV26276,H5,81,train
XAV26264,H5,81,train
XAV26219,H5,81,train
XAV26209,H5,81,train
XAV26197,H5,81,train
CUX90939,H5,12,test
CUX90938,H5,12,test
CUX90937,H5,160,test
CUX90936,H5,12,test
CUX90935,H5,12,test
AMA11833,H5,12,test
AMA11832,H5,12,test
AMA11831,H5,12,test
AMA11830,H5,12,test
ALP30354,H5,75,train
AFW16054,H5,166,train
AIZ06722,H5,144,val
AIZ06719,H5,25,train
AEH59195,H5,3,train
AEH59191,H5,3,train
AEH59189,H5,3,train
AEH59188,H5,3,train
AEH59184,H5,3,train
AEH59182,H5,3,train
AEH59181,H5,3,train
AEH59168,H5,3,train
AEH59167,H5,3,train
AEH59163,H5,3,train
AEH59161,H5,3,train
AEH59156,H5,3,train
AEH59155,H5,3,train
AEH59154,H5,3,train
AEH59153,H5,3,train
AEH59152,H5,3,train
AEH59148,H5,3,train
AEH59147,H5,3,train
AEH59138,H5,3,train
AEH59133,H5,39,train
AEH59132,H5,39,train
AEH59130,H5,39,train
AEH59129,H5,3,train
AEH59127,H5,3,train
AEH59125,H5,3,train
AEH59120,H5,3,train
AEH59119,H5,3,train
ACX48062,H5,7,train
ACX48061,H5,7,train
ACX48060,H5,7,train
ACX48059,H5,7,train
ACX48058,H5,7,train
ACX48047,H5,41,train
ACX48046,H5,41,train
ACX48043,H5,41,train
ACX48042,H5,41,train
ACX48041,H5,41,train
ACX48040,H5,41,train
ACX48039,H5,41,train
ACX48038,H5,41,train
ACX48037,H5,41,train
ACD68157,H5,150,val
ACX48069,H5,7,train
ACX48066,H5,7,train
ACX48065,H5,7,train
ACX48064,H5,7,train
ACX48063,H5,7,train
YEM45960,H5,81,train
XXI57597,H5,81,train
XXI57583,H5,81,train
XXI57575,H5,81,train
XXI57559,H5,81,train
XXI57557,H5,81,train
XXI57538,H5,153,train
XXI57533,H5,153,train
XXI57518,H5,153,train
XXI57503,H5,153,train
XXI57487,H5,153,train
XXI57483,H5,153,train
XXI57474,H5,153,train
XXI57453,H5,153,train
XXI57447,H5,153,train
XXI57432,H5,153,train
XXI57417,H5,153,train
XXI57411,H5,153,train
XXI57396,H5,153,train
XXI57382,H5,153,train
XXI57367,H5,153,train
XXI57363,H5,153,train
XTP42041,H5,81,train
XTP42029,H5,81,train
XTP42017,H5,81,train
XTP42005,H5,81,train
XTP41993,H5,81,train
XTP41981,H5,81,train
XTP41969,H5,81,train
XTP41957,H5,81,train
XTP41945,H5,81,train
XTP41933,H5,81,train
XTP41921,H5,81,train
XTP41863,H5,81,train
XRJ07432,H5,70,train
XRJ07424,H5,70,train
XOS85058,H5,81,train
XOS76435,H5,81,train
XOS76447,H5,81,train
XOS76423,H5,81,train
XOS76411,H5,81,train
XOS76399,H5,81,train
XOS76387,H5,81,train
YDD41534,H5,70,train
YDD41522,H5,81,train
YDD41509,H5,81,train
XZY35686,H5,153,train
XTJ61994,H5,70,train
XQH08052,H5,70,train
XPB69556,H5,70,train
XOL43332,H5,70,train
XMP24855,H5,70,train
XMP24816,H5,70,train
XMF84336,H5,153,train
XLZ06471,H5,70,train
XLY78264,H5,70,train
XLY78253,H5,70,train
XLV27089,H5,153,train
XLQ97127,H5,153,train
XLQ97115,H5,81,train
XLQ97105,H5,153,train
XLD56357,H5,153,train
XLD56350,H5,153,train
XLD56333,H5,153,train
XLD56327,H5,153,train
XKQ11420,H5,70,train
XKQ11392,H5,81,train
XKQ11406,H5,153,train
XKQ11380,H5,81,train
XKQ11370,H5,70,train
XKI31548,H5,70,train
XKI31544,H5,70,train
XKI31543,H5,70,train
XKI31530,H5,153,train
XKH22199,H5,70,train
XKC00329,H5,70,train
XKC00317,H5,70,train
XJN13173,H5,70,train
XJN13169,H5,70,train
XJJ53380,H5,81,train
XJJ53364,H5,81,train
XIJ00989,H5,81,train
XGB73050,H5,81,train
XDJ26643,H5,81,train
XDJ26636,H5,81,train
XDJ26629,H5,81,train
XDB69070,H5,81,train
XCV17369,H5,81,train
XBE32674,H5,81,train
WYN03019,H5,81,train
USE07565,H5,81,train
ABW06377,H5,39,train
ABW06367,H5,3,train
ABW06358,H5,3,train
ABW06347,H5,3,train
ABW06336,H5,3,train
ABW06326,H5,3,train
ABW06315,H5,3,train
ABW06287,H5,3,train
ABW06266,H5,3,train
ABW06244,H5,3,train
ABW06222,H5,3,train
ABW06139,H5,3,train
ABW06128,H5,3,train
ABW06117,H5,3,train
ABV24000,H5,41,train
ABV23989,H5,41,train
ABV23980,H5,41,train
ABV23971,H5,41,train
ABV23942,H5,41,train
ABV23941,H5,41,train
ABV23940,H5,41,train
ASU55601,H5,75,train
ACI06182,H5,41,train
ADF83660,H5,150,val
ABQ58925,H5,41,train
ABQ58924,H5,41,train
ABQ58923,H5,41,train
ABQ58922,H5,41,train
ABI49407,H5,3,train
ABI36480,H5,3,train
ABI36469,H5,3,train
ABI36395,H5,3,train
ABI36384,H5,3,train
ABI36373,H5,3,train
ABI36351,H5,3,train
ABI36340,H5,3,train
ABI36329,H5,3,train
ABI36318,H5,3,train
ABI36307,H5,3,train
ABI36295,H5,3,train
ABI36286,H5,3,train
ABI36275,H5,3,train
ABI36057,H5,3,train
ABI36056,H5,3,train
ABI36055,H5,3,train
ABI36054,H5,3,train
ABI36053,H5,3,train
ABI36051,H5,3,train
ABI36050,H5,3,train
ABI36049,H5,3,train
ABI36048,H5,3,train
ABI36047,H5,3,train
ABI36046,H5,3,train
ABI36045,H5,3,train
ABI36044,H5,3,train
ABI36043,H5,3,train
ABI36042,H5,3,train
ABI36041,H5,3,train
ABI36040,H5,3,train
ABI36012,H5,3,train
AKC44576,H5,160,test
AJM70746,H5,12,test
AEN68937,H5,25,train
AEN68935,H5,25,train
AEN68934,H5,25,train
AEN68933,H5,25,train
AJY79345,H5,12,test
AJY79343,H5,12,test
AJY79342,H5,12,test
AJY79341,H5,160,test
AJY79339,H5,12,test
AJY79338,H5,12,test
AJY79337,H5,12,test
AJY79336,H5,12,test
AGS08832,H5,25,train
AIO11740,H5,166,train
AGQ88499,H5,144,val
AFN69310,H5,3,train
AGI02566,H5,150,val
AFQ60210,H5,160,test
AFQ60206,H5,166,train
ADM88571,H5,150,val
ADF83658,H5,150,val
ADG59086,H5,150,val
ADG59048,H5,150,val
ACL11932,H5,7,train
ABW06304,H5,3,train
ABW06295,H5,3,train
ABW06169,H5,3,train
ABP51969,H5,3,train
ACJ68610,H5,150,val
ACJ68609,H5,150,val
ACJ68608,H5,150,val
ACJ68607,H5,150,val
AUO38035,H7,109,train
AJS16530,H7,198,test
AJS16515,H7,150,val
AJS16504,H7,109,train
AJS16503,H7,109,train
AJS16492,H7,150,val
AJS16491,H7,150,val
AJS16490,H7,150,val
AJS16489,H7,150,val
AJS16488,H7,150,val
AJS16480,H7,150,val
AJS16433,H7,150,val
ALH21359,H7,109,train
ALH21358,H7,109,train
ALH21357,H7,109,train
ALH21356,H7,109,train
ALH21355,H7,109,train
ALH21354,H7,109,train
ALH21353,H7,109,train
AJJ98490,H7,109,train
AJJ98472,H7,109,train
AJJ98453,H7,109,train
AJJ98432,H7,109,train
AJJ98391,H7,109,train
AJJ98372,H7,109,train
AJJ98332,H7,109,train
AJJ98314,H7,109,train
AJJ98292,H7,109,train
AJJ98258,H7,109,train
AJJ98193,H7,109,train
AJJ98154,H7,109,train
AJJ98135,H7,109,train
AJJ98106,H7,109,train
AJJ97985,H7,149,val
AJJ97911,H7,109,train
AJJ97883,H7,109,train
AJJ97853,H7,150,val
AJJ97644,H7,109,train
AJJ97359,H7,151,train
AJJ95396,H7,149,val
AJJ95307,H7,154,train
AJJ95264,H7,154,train
AJJ95211,H7,154,train
AJJ94971,H7,155,test
AJJ94778,H7,154,train
AJJ94479,H7,155,test
AJJ94288,H7,154,train
AJJ94094,H7,109,train
AJJ94066,H7,149,val
AJJ94049,H7,109,train
AJJ94034,H7,155,test
AJJ93993,H7,154,train
AJJ91835,H7,109,train
AJJ91773,H7,109,train
AJJ91639,H7,109,train
AJJ91564,H7,109,train
AJJ91551,H7,109,train
AJJ91501,H7,109,train
AJJ91488,H7,109,train
AJJ91462,H7,109,train
AJJ91426,H7,109,train
AJJ91388,H7,109,train
AJJ91374,H7,109,train
AJJ91300,H7,109,train
AJJ91251,H7,155,test
AJJ90769,H7,155,test
AJJ90600,H7,109,train
AJJ90562,H7,155,test
AJD13909,H7,151,train
AJD13397,H7,151,train
AJD13383,H7,151,train
AJD13347,H7,151,train
AJD13316,H7,151,train
QFQ61851,H7,154,train
QFQ61839,H7,154,train
UXD21033,H7,109,train
QGH81243,H7,151,train
ATS92040,H7,109,train
ATS92038,H7,109,train
ATS92037,H7,109,train
ATS92034,H7,109,train
ATS92033,H7,150,val
YP_009118475,H7,109,train
APR73185,H7,198,test
APR73174,H7,109,train
AJU15339,H7,150,val
AJU15338,H7,109,train
AJU15336,H7,109,train
AJU15334,H7,109,train
ANU25458,H7,155,test
ANU24930,H7,155,test
AIK26584,H7,109,train
AIK26572,H7,109,train
AJS16350,H7,150,val
AKI82245,H7,150,val
AKI82233,H7,150,val
AJJ96829,H7,149,val
AJJ95668,H7,109,train
AJJ95656,H7,154,train
AJJ95644,H7,154,train
AJJ95632,H7,154,train
AJJ95620,H7,154,train
AJJ95608,H7,155,test
AJJ95596,H7,155,test
AJJ91981,H7,155,test
AJJ91969,H7,154,train
AJJ91957,H7,109,train
AJJ91945,H7,155,test
AJJ91933,H7,155,test
AJJ91921,H7,155,test
AJJ91897,H7,155,test
AJJ91885,H7,155,test
AJJ91873,H7,155,test
AHL21382,H7,109,train
AKD00316,H7,109,train
AHJ57411,H7,109,train
AIN76383,H7,151,train
AGW82624,H7,109,train
AHM24248,H7,109,train
AHM24236,H7,109,train
AHM24224,H7,109,train
AGJ51953,H7,109,train
AHF20568,H7,109,train
AGW82600,H7,109,train
AID70634,H7,109,train
AHK10800,H7,109,train
AGI60292,H7,109,train
AGL43637,H7,109,train
AHW83651,H7,109,train
AGL95098,H7,109,train
AGL95088,H7,109,train
AGU02227,H7,109,train
AGU02233,H7,109,train
AGU02230,H7,109,train
AGR85026,H7,109,train
AGR85014,H7,109,train
AHL21383,H7,109,train
AHF20528,H7,109,train
AHH30760,H7,109,train
AHH25197,H7,155,test
AHH25185,H7,155,test
AHH25174,H7,155,test
AGY41893,H7,155,test
AGR84966,H7,109,train
AGR84954,H7,109,train
AGR84942,H7,109,train
AHD25003,H7,155,test
AGO51374,H7,109,train
AGQ88511,H7,109,train
AGO51399,H7,109,train
AHA11500,H7,109,train
AGS42061,H7,109,train
AGS42049,H7,109,train
AGX00937,H7,155,test
AGL44438,H7,109,train
AGN69474,H7,109,train
AGN69462,H7,109,train
AGO28204,H7,109,train
AGM16242,H7,109,train
AGJ73503,H7,109,train
AGK84860,H7,109,train
AGK84857,H7,109,train
AGI60301,H7,109,train
AGK82158,H7,109,train
