accession	cluster_id
9C22_a	473
9C22_b	473
AAA43082	181
AAA43083	181
AAC32078	46
AAC32088	46
AAC32098	0
AAC32099	50
AAC32100	46
AAC32101	46
AAC32102	46
AAC34263	46
AAC58990	440
AAC58991	453
AAC58994	452
AAC58996	312
AAC58997	451
AAC58998	450
AAC58999	242
AAD13566	46
AAD13567	46
AAD13568	46
AAD13570	434
AAD13571	234
AAD13572	312
AAD13573	311
AAD13574	310
AAD13575	309
AAD19847	464
AAD19848	464
AAF04719	315
AAF04720	357
AAF04721	445
AAF74329	0
AAF74330	50
AAF74331	46
AAF99718	441
AAG01195	11
AAG01205	11
AAG01215	11
AAG01225	11
AAG38534	368
AAL75839	11
AAL75843	45
AAL75847	44
AAM49555	53
AAN17254	315
AAN17255	315
AAN17256	315
AAN17257	315
AAN17258	315
AAN17259	315
AAN17260	315
AAN17261	315
AAN17262	315
AAN17263	315
AAN17264	315
AAN17265	315
AAN17266	315
AAN17267	315
AAN17268	315
AAN17269	315
AAN17270	315
AAP71989	359
AAP71990	243
AAP71995	367
AAP71996	367
AAP71997	366
AAP71998	365
AAP72000	356
AAP72001	364
AAP72002	356
AAP72003	356
AAP72004	457
AAP72005	371
AAP72006	371
AAP72007	364
AAP72008	456
AAP72009	455
AAP72010	454
AAP72011	364
AAR16155	185
AAR99628	152
AAT65209	42
AAV91149	49
ABE97624	10
ABE97625	66
ABE97626	468
ABE97627	10
ABE97628	10
ABE97629	10
ABE97630	67
ABE97631	384
ABE97632	241
ABE97633	67
ABE97634	241
ABF56648	468
ABF58847	10
ABI16504	169
ABI36012	3
ABI36040	3
ABI36041	3
ABI36042	3
ABI36043	3
ABI36044	3
ABI36045	3
ABI36046	3
ABI36047	3
ABI36048	3
ABI36049	3
ABI36050	3
ABI36051	3
ABI36053	3
ABI36054	3
ABI36055	3
ABI36056	3
ABI36057	3
ABI36187	4
ABI36275	3
ABI36286	3
ABI36295	3
ABI36307	3
ABI36318	3
ABI36329	3
ABI36340	3
ABI36351	3
ABI36362	4
ABI36373	3
ABI36384	3
ABI36395	3
ABI36423	4
ABI36469	3
ABI36480	3
ABI49407	3
ABJ90343	64
ABK79303	498
ABM90434	48
ABM90445	48
ABM90456	48
ABM90478	48
ABM90489	48
ABM90500	48
ABN09954	332
ABO10181	66
ABO10183	10
ABO10184	61
ABO10185	67
ABO10186	159
ABO10187	66
ABO14789	150
ABO14790	151
ABO20946	468
ABP51968	10
ABP51969	3
ABP51975	43
ABP51976	10
ABP51977	10
ABP51978	10
ABP51982	10
ABP51984	10
ABP51985	10
ABP51991	10
ABP96845	174
ABP96846	64
ABP96847	64
ABP96848	65
ABP96849	64
ABP96850	63
ABP96851	63
ABP96852	63
ABP96853	63
ABP96854	64
ABQ58922	41
ABQ58923	41
ABQ58924	41
ABQ58925	41
ABQ58979	69
ABQ84457	381
ABQ84458	432
ABQ84459	380
ABQ84460	234
ABQ84461	379
ABQ84462	389
ABQ84463	378
ABQ84464	320
ABQ84465	377
ABQ84466	377
ABQ84467	313
ABQ84468	336
ABQ84469	320
ABQ84470	466
ABQ84471	320
ABQ84472	388
ABQ84473	222
ABQ84474	222
ABQ84475	435
ABQ84476	222
ABQ84477	222
ABQ84478	376
ABQ84479	467
ABR10842	150
ABU87098	370
ABU87099	325
ABU99108	10
ABV23934	444
ABV23940	41
ABV23941	41
ABV23942	41
ABV23944	443
ABV23952	443
ABV23960	443
ABV23971	41
ABV23980	41
ABV23989	41
ABV24000	41
ABV24009	64
ABV24020	64
ABW06108	3
ABW06117	3
ABW06128	3
ABW06139	3
ABW06150	4
ABW06160	4
ABW06169	3
ABW06178	4
ABW06200	4
ABW06211	4
ABW06222	3
ABW06233	4
ABW06244	3
ABW06266	3
ABW06287	3
ABW06295	3
ABW06304	3
ABW06315	3
ABW06326	3
ABW06336	3
ABW06347	3
ABW06358	3
ABW06367	3
ABW06377	39
ABW74701	3
ABW74702	3
ABW74703	3
ABW74704	3
ABW74705	3
ABW74706	3
ABW74707	3
ABW74708	3
ABW74709	3
ABW74710	3
ABW74711	3
ABW74712	48
ABW74714	471
ABW90125	327
ABW90126	327
ABW90127	327
ABW90128	327
ABW90129	327
ABW90130	327
ABW90131	327
ABW90132	327
ABW90133	327
ABW90134	327
ABW90135	327
ABW90136	327
ABW90137	327
ABY19417	171
ABY19418	171
ABY19419	171
ACA64009	151
ACD68156	6
ACD68157	150
ACF28527	226
ACF28528	226
ACF28529	225
ACI06178	240
ACI06180	447
ACI06181	174
ACI06182	41
ACI06183	174
ACI06184	447
ACI06185	449
ACI06186	448
ACI06187	447
ACI06188	64
ACI06189	64
ACJ68607	150
ACJ68608	150
ACJ68609	150
ACJ68610	150
ACJ68611	176
ACJ68612	169
ACJ68613	175
ACJ68614	68
ACL11932	7
ACR48872	3
ACR48873	10
ACR48874	10
ACU11609	335
ACU46644	10
ACU65077	10
ACX48037	41
ACX48038	41
ACX48039	41
ACX48040	41
ACX48041	41
ACX48042	41
ACX48043	41
ACX48044	41
ACX48045	41
ACX48046	41
ACX48047	41
ACX48048	41
ACX48049	236
ACX48050	323
ACX48051	236
ACX48052	236
ACX48053	334
ACX48054	236
ACX48055	333
ACX48056	217
ACX48057	235
ACX48058	7
ACX48059	7
ACX48060	7
ACX48061	7
ACX48062	7
ACX48063	7
ACX48064	7
ACX48065	7
ACX48066	7
ACX48067	47
ACX48068	47
ACX48069	7
ACX48070	323
ACZ48508	44
ACZ48509	50
ACZ48514	46
ACZ53956	221
ACZ53967	220
ACZ53978	219
ADA69374	330
ADA69385	363
ADA69396	330
ADA69407	362
ADA69418	361
ADA69429	360
ADB89241	215
ADD97095	10
ADE06853	355
ADE06854	320
ADE06855	320
ADE06856	320
ADE06857	320
ADE06858	354
ADE06859	320
ADE06860	320
ADE06861	320
ADE06862	320
ADE06863	320
ADE06864	348
ADE06865	348
ADE06866	353
ADE06867	338
ADE06868	348
ADE06869	348
ADE06870	348
ADE06871	351
ADE06872	320
ADE06873	350
ADE06874	351
ADE06875	352
ADE06876	348
ADE06877	351
ADE06878	320
ADE06879	320
ADE06880	320
ADE06881	320
ADE06882	350
ADE06883	320
ADE06884	320
ADE06885	349
ADE06886	348
ADE06887	348
ADE06888	348
ADE06889	348
ADE06890	347
ADE06891	320
ADE06892	346
ADF83650	57
ADF83651	171
ADF83652	171
ADF83653	172
ADF83654	171
ADF83655	171
ADF83656	171
ADF83657	171
ADF83658	150
ADF83659	170
ADF83660	150
ADF83661	159
ADF83662	10
ADF83663	10
ADF83664	10
ADF83665	54
ADF83666	10
ADF83667	10
ADF83668	10
ADF83669	10
ADF83670	10
ADF83671	10
ADG59048	150
ADG59080	173
ADG59086	150
ADL41164	215
ADL41173	215
ADM88571	150
ADM95445	62
ADM95462	488
ADM95463	383
ADM95468	61
ADM95469	61
ADQ75462	327
ADQ92372	470
ADR78646	374
ADW80379	335
ADW80390	335
ADW80404	218
ADY16763	225
ADY16765	215
AEA04334	446
AEH59119	3
AEH59120	3
AEH59122	38
AEH59123	40
AEH59125	3
AEH59127	3
AEH59129	3
AEH59130	39
AEH59132	39
AEH59133	39
AEH59134	37
AEH59136	37
AEH59137	37
AEH59138	3
AEH59140	38
AEH59142	38
AEH59143	38
AEH59144	38
AEH59145	38
AEH59146	38
AEH59147	3
AEH59148	3
AEH59149	35
AEH59150	38
AEH59152	3
AEH59153	3
AEH59154	3
AEH59155	3
AEH59156	3
AEH59157	37
AEH59159	37
AEH59160	37
AEH59161	3
AEH59163	3
AEH59164	37
AEH59165	30
AEH59166	36
AEH59167	3
AEH59168	3
AEH59170	30
AEH59171	36
AEH59172	36
AEH59173	36
AEH59175	36
AEH59176	36
AEH59177	36
AEH59178	36
AEH59179	30
AEH59180	30
AEH59181	3
AEH59182	3
AEH59184	3
AEH59185	30
AEH59186	30
AEH59187	30
AEH59188	3
AEH59189	3
AEH59191	3
AEH59192	30
AEH59193	30
AEH59195	3
AEH59197	30
AEH59198	30
AEH59199	36
AEH59201	30
AEH59202	35
AEH59203	36
AEH59204	35
AEH59206	34
AEH59208	34
AEH59209	33
AEH59211	32
AEH59213	31
AEH59215	30
AEH59216	30
AEH59217	30
AEH59218	30
AEH59219	30
AEH59220	30
AEH59221	30
AEH59222	30
AEH59223	30
AEH59224	30
AEH59226	30
AEM24959	483
AEM24960	481
AEM24961	481
AEM24962	474
AEM24964	481
AEM24966	480
AEM24967	478
AEM24972	482
AEM24973	479
AEM24974	474
AEM75487	305
AEM75488	233
AEN68933	25
AEN68934	25
AEN68935	25
AEN68936	56
AEN68937	25
AEN68938	55
AEQ73114	414
AFF59151	60
AFF59183	60
AFF59189	60
AFK75136	304
AFK75276	216
AFN69310	3
AFO38695	465
AFO38696	329
AFO38697	490
AFO38698	328
AFO38699	320
AFP99713	320
AFP99724	320
AFP99735	348
AFP99746	320
AFP99757	463
AFP99768	463
AFP99779	408
AFQ60206	166
AFQ60210	160
AFW16054	166
AFW17310	29
AFW17344	213
AGB84798	148
AGB84799	148
AGB84800	147
AGB84801	146
AGB84802	145
AGE00514	393
AGE00515	303
AGI02566	150
AGI02568	168
AGM16164	58
AGM16170	58
AGM16181	58
AGM16192	58
AGM16203	58
AGM16214	58
AGM16225	58
AGM53484	315
AGM53485	315
AGM53486	315
AGO02248	390
AGO02249	28
AGQ88499	144
AGR54645	211
AGR54646	211
AGR54647	211
AGR54757	406
AGR54758	406
AGR54759	398
AGR54760	406
AGR54769	422
AGR54770	421
AGR54771	420
AGR54772	420
AGR54773	420
AGR54774	419
AGR54775	418
AGR54776	417
AGR54777	416
AGR54778	415
AGS08832	25
AGS08843	58
AGS08902	58
AGU01765	414
AHF20383	58
AHF20394	58
AHF20402	59
AHF20428	58
AHF20439	58
AHF20450	58
AHF20461	58
AHF20480	58
AHM24090	27
AHM24104	27
AHN04584	302
AHN04585	210
AHZ44176	232
AHZ44177	288
AID48072	10
AID48082	10
AII30334	315
AII30335	315
AII30336	327
AII30337	327
AII30338	10
AII30339	10
AII30340	10
AII31067	322
AII31068	311
AII31069	13
AIJ10913	315
AIK26285	326
AIN39736	315
AIO11739	167
AIO11740	166
AIT38315	134
AIZ06716	26
AIZ06717	141
AIZ06718	141
AIZ06719	25
AIZ06720	24
AIZ06721	141
AIZ06722	144
AIZ06723	23
AIZ06724	22
AIZ06725	141
AIZ06726	21
AIZ06727	73
AIZ06728	73
AIZ06729	73
AIZ06730	141
AIZ06731	73
AIZ06732	20
AIZ06733	141
AIZ06734	73
AIZ06735	73
AIZ06736	73
AIZ06737	73
AIZ06738	141
AIZ06739	73
AIZ06740	19
AIZ06741	18
AIZ06742	17
AIZ06743	73
AIZ06744	143
AIZ06745	16
AIZ06746	2
AIZ06747	142
AIZ06748	15
AIZ06749	141
AIZ06750	14
AIZ06896	73
AJD12304	413
AJD12305	135
AJD12318	413
AJD12319	122
AJD12320	397
AJD12338	413
AJD12339	122
AJD12368	122
AJD12369	406
AJD12387	135
AJD12388	397
AJD12403	135
AJD12404	397
AJD12421	135
AJD12422	397
AJD12444	135
AJD12445	397
AJD12489	413
AJD12490	122
AJE30333	94
AJE30344	94
AJJ92929	131
AJJ92930	413
AJJ96297	131
AJJ96298	412
AJK00177	57
AJK00188	57
AJK00198	165
AJK00207	163
AJK00218	164
AJK00229	163
AJK00239	163
AJM70554	94
AJM70616	94
AJM70617	94
AJM70618	94
AJM70734	161
AJM70746	12
AJS16141	134
AJS16142	134
AJS16143	134
AJS16144	134
AJS16145	134
AJS16146	134
AJS16147	134
AJS16148	134
AJS16149	116
AJS16150	134
AJS16151	131
AJS16152	122
AJS16153	133
AJS16154	115
AJS16155	117
AJS16156	132
AJS16157	116
AJS16158	122
AJS16159	131
AJS16160	115
AJS16287	230
AJS16294	229
AJY79336	12
AJY79337	12
AJY79338	12
AJY79339	12
AJY79340	162
AJY79341	160
AJY79342	12
AJY79343	12
AJY79344	162
AJY79345	12
AKC44576	160
AKC91359	94
AKV57765	94
AKV57777	94
AKV57789	94
ALB07376	94
ALB07388	94
ALB07400	94
ALB07412	94
ALB07424	94
ALB07436	94
ALB07448	94
ALB07460	94
ALB07472	94
ALB07484	94
ALB07496	94
ALB07508	94
ALB07520	94
ALB07532	94
ALB07544	94
ALB07556	94
ALB07568	94
ALB07580	94
ALB07602	94
ALB07614	94
ALB07626	94
ALB07638	94
ALB07650	94
ALB07662	94
ALB07674	94
ALB07686	94
ALB07698	94
ALB07710	94
ALB07722	94
ALB07734	94
ALB07746	94
ALB07758	94
ALB07770	94
ALP30074	138
ALP30084	138
ALP30094	140
ALP30104	140
ALP30114	122
ALP30124	122
ALP30134	122
ALP30144	139
ALP30154	139
ALP30164	137
ALP30174	138
ALP30184	137
ALP30194	122
ALP30204	122
ALP30214	136
ALP30224	122
ALP30234	122
ALP30244	122
ALP30254	135
ALP30264	135
ALP30274	131
ALP30284	122
ALP30294	135
ALP30304	73
ALP30314	73
ALP30324	73
ALP30334	73
ALP30344	73
ALP30354	75
ALP30364	397
ALP30374	397
ALP30384	397
ALP30394	397
ALP30404	397
ALP30414	397
ALP30424	398
ALP30434	397
ALP30444	397
ALP30454	397
ALP30464	405
ALP30474	397
ALP30484	397
ALP30494	397
ALP30504	397
ALP30514	397
ALP30524	397
ALP30534	397
ALP30544	397
ALP30554	399
ALP30564	397
ALP30574	397
ALP30584	397
ALP30594	397
ALP30604	397
ALP30614	399
ALP30624	397
ALP30634	404
ALP30644	397
ALP30654	397
ALP30664	403
ALP30674	399
ALP30684	399
ALP30694	399
ALP30704	399
ALP30714	399
ALP30724	399
ALP30734	398
ALP30744	397
ALP30754	402
ALP30764	399
ALP30774	401
ALP30784	400
ALP30794	400
ALP30804	398
ALP30814	400
ALP30824	400
ALP30834	400
ALP30844	396
ALP30854	396
ALP30864	396
ALP30874	396
ALP30884	396
ALP30894	396
ALP30904	396
ALP30914	399
ALP30924	399
ALP30934	396
ALP30944	396
ALP30954	396
ALP30964	398
ALP30974	398
ALP30984	398
ALP30994	398
ALP31004	398
ALP31014	397
ALP31024	397
ALP31034	397
ALP31044	397
ALP31054	396
ALP31064	396
ALV71429	301
ALV71430	395
ALX30439	307
AMA11830	12
AMA11831	12
AMA11832	12
AMA11833	12
AMK48398	316
ANA11388	299
ANA11399	299
ANA11411	299
ANA11423	299
ANG09312	129
ANG09324	124
ANG09337	128
ANG09351	127
ANG09352	126
ANG09364	125
ANG09376	124
ANW83215	130
ANW83216	130
AOT22442	94
APA05151	205
APA05153	116
APA05155	205
APA05157	205
APA05159	205
APA05161	205
APA05163	205
APA05165	205
APA05167	205
APA05169	205
APA05171	116
ASB32470	306
ASU06463	122
ASU55601	75
ASV62035	118
ASV62036	138
ASV62039	121
AUO37594	10
AUO37606	10
AUO37618	10
AUO37630	10
AVN99709	300
AVP32365	10
AWB06344	259
AWB12169	258
AWB35938	257
AWB35939	256
AWB97132	256
AWB97133	256
AWB97134	256
AWG44370	392
AWG44371	256
AWG44372	431
AWG44373	431
AWG44374	255
AWG44375	392
AWX60010	275
AWX60019	385
AWX60031	281
AWX60043	281
AWX60055	298
AWX60067	275
AWX60079	275
AWX60091	275
AWX60103	275
AWX60115	275
AWX60127	297
AWX60139	297
AWX60151	275
AWX60163	297
AWX60175	277
AWX60187	277
AWX60199	207
AWX60211	295
AWX60223	295
AWX60235	296
AWX60247	296
AWX60259	296
AWX60271	207
AWX60283	393
AWX60295	275
AWX60307	277
AWX60319	207
AWX60331	275
AWX60343	288
AWX60355	296
AWX60367	296
AWX60379	296
AWX60391	296
AWX60403	295
AWX60415	295
AWX60427	295
AWX60439	295
AWX60451	277
AWX60463	275
AWX60475	275
AWX60487	275
AWX60499	288
AWX60511	294
AWX60523	293
AWX60535	277
AWX60547	277
AWX60559	277
AWX60571	277
AWX60583	288
AWX60595	275
AWX60607	275
AWX60619	292
AWX60631	282
AWX60643	275
AWX60655	292
AWX60667	275
AWX60679	288
AWX60691	288
AWX60703	291
AWX60715	288
AWX60727	207
AWX60739	288
AWX60751	231
AWX60763	288
AWX60775	290
AWX60787	290
AWX60799	288
AWX60811	275
AWX60823	289
AWX60835	209
AWX60847	288
AWX60859	275
AWX60871	287
AWX60883	275
AWX60895	286
AWX60907	393
AWX60919	208
AWX60931	275
AWX60943	285
AWX60955	284
AWX60967	284
AWX60979	284
AWX60991	284
AWX61003	284
AWX61015	284
AWX61027	269
AWX61039	281
AWX61051	281
AWX61063	281
AWX61075	281
AWX61087	281
AWX61099	281
AWX61111	281
AWX61123	283
AWX61135	282
AWX61147	281
AWX61159	281
AWX61171	281
AWX61183	275
AWX61195	280
AWX61207	279
AWX61219	278
AWX61231	277
AWX61243	276
AWX61255	275
AWX61267	207
AWX61278	206
AWX61289	206
AWX61301	274
AWX61313	274
AWX61325	274
AWX61337	274
AXK57820	9
AXK57821	9
AXL66157	439
AYD68791	8
AYD68792	7
AYD68793	273
AYD68794	273
AYD68795	115
AYD68796	115
AYD68797	115
AYF79678	118
AZQ05310	272
BAE48683	476
BAE48684	271
BAE48685	344
BAE48686	369
BAE48687	369
BAE48688	369
BAE48689	460
BAE48690	460
BAE48691	320
BAE48692	458
BAE48693	345
BAE48694	372
BAE48695	320
BAE48696	372
BAE94699	271
BAF76006	372
BAG07130	308
BAG07140	308
BAI50025	358
BAI50027	358
BAI50029	308
BAI50031	321
BAI50033	423
BAI50035	423
BAI50037	427
BAI50040	423
BAI50042	423
BAI50044	423
BAI50046	423
BAJ07997	43
BAJ23223	426
BAJ23224	426
BAJ23225	149
BAJ23226	149
BAJ23227	1
BAJ23228	425
BAJ23229	442
BAJ23230	423
BAJ23231	424
BAJ23232	424
BAJ23233	423
BAJ23234	408
BAJ23235	237
BAJ23236	312
BAJ23237	345
BAJ23238	344
BAJ23239	343
BAJ23240	343
BAJ23241	342
BAJ23242	341
BAJ23243	340
BAJ23244	340
BAJ23245	382
BAJ23246	339
BAJ23247	338
BAJ23248	320
BAJ23249	320
BAJ23250	320
BAJ23251	320
BAJ23252	224
BAJ23253	223
BAJ23254	337
BAJ23255	321
BAJ23256	321
BAJ23257	321
BAJ23258	320
BAK09613	408
BAK20423	61
BAL14560	236
BAL14561	236
BAL61214	411
BAL61215	411
BAM63158	410
BAN59727	409
BAP90859	317
BAP90860	262
BAP90989	262
BAP90990	324
BAQ21375	408
BAQ21376	408
BAQ21377	408
BAQ21378	408
BAQ21379	408
BAQ21380	408
BAQ21381	408
BAQ21382	408
BAQ21383	408
BAQ21384	407
BAQ21385	407
BAQ21386	407
BAQ21387	407
BAQ21388	407
BAQ21389	320
BAQ21390	321
BAQ21391	320
BAQ21392	319
BAQ21393	318
BAQ21394	318
BAQ54174	212
BAU79611	314
BAV92889	123
BAV92900	123
BAV92911	73
BAV92922	73
BAV92933	123
BBC44366	117
BBC44377	120
BBC44388	120
BBC44399	120
BBC44410	120
BBC44421	120
BBC44432	394
BBC44443	119
BBC44454	119
BBC44465	119
BCT56653	262
BCT56664	262
BDH21472	262
CAC28131	222
CAF21870	428
CAF21874	436
CAP45695	13
CAP45696	13
CAP45697	13
CAP45698	13
CAP45703	6
CAP45708	6
CAP45713	41
CAP45718	6
CAP45873	7
CAP45881	52
CAP45883	51
CAP45885	51
CAP45890	51
CAP45895	7
CCP19648	214
CCP19649	311
CCP19650	330
CCP19651	331
CCP19652	330
CUX90935	12
CUX90936	12
CUX90937	160
CUX90938	12
CUX90939	12
HMIVD8	181
HMIVT8	181
O56140	46
O89746	46
P09345	373
P0DOG5	472
P11132	181
P11135	180
P87506	242
Q2F4V2	238
Q2LFV4	496
Q6DPH9	495
Q6DPI6	489
Q6DPJ8	493
Q6DPJ9	492
Q6DPK0	494
Q6DPK1	492
Q6DPZ9	239
Q6DQ15	461
Q6DQ18	429
Q6DQ19	154
Q6DQ20	154
Q6DQ21	154
Q6DQ22	154
Q6J8D5	493
Q6J8E4	484
Q6J8E7	228
Q6J8F6	43
Q710U6	487
Q809U7	485
Q809V0	493
Q809V2	485
Q809V4	497
Q80A22	45
Q80A26	45
Q80A28	459
Q80A30	45
Q8QPK2	485
Q8QPL1	45
Q9Q0U6	11
Q9Q0U7	486
Q9Q0U8	475
Q9W7Y7	491
Q9WAA1	491
QBK96547	205
QBK96559	116
QBK96571	115
QCT26677	117
QHO62891	270
QHO62903	92
QHO62915	97
QHO62927	92
QHO62939	5
QHO62951	5
QHO62963	204
QHO62975	203
QLI41799	438
QOJ99560	202
QOJ99592	201
QOJ99605	199
QOJ99610	200
QOJ99614	189
QOJ99621	189
QOJ99627	199
QOJ99650	189
QOJ99653	196
QOJ99662	198
QOJ99668	197
QOJ99675	196
QOJ99684	114
QOJ99685	195
QOJ99686	195
QOJ99688	437
QOJ99689	195
QOJ99695	194
QOJ99700	193
QOJ99702	193
QOJ99703	193
QOJ99705	193
QOJ99706	193
QOJ99708	193
QOJ99719	193
QOJ99822	183
QOJ99823	183
QOJ99827	183
QOJ99833	192
QOJ99837	183
QOJ99840	183
QOJ99841	183
QOJ99844	183
QOJ99851	183
QOJ99854	190
QOJ99855	183
QOJ99861	189
QOJ99863	191
QOJ99875	189
QOJ99878	189
QOJ99880	189
QOJ99883	190
QOJ99887	189
QOJ99898	189
QOJ99901	189
QOJ99903	189
QOJ99905	183
QOJ99911	188
QOJ99915	183
QOJ99924	187
QOJ99995	186
QOY79309	76
QOY79310	76
QOY79311	439
QPK13784	6
QPM32884	94
QPM32896	94
QPM32908	94
QPM32920	94
QPM32932	94
QPM32944	94
QPM32956	94
QPM32968	94
QPM32980	94
QPM32992	94
QPM33004	94
QPM33016	94
QPM33028	94
QPM33040	94
QPM33052	94
QPM33064	5
QPM33076	94
QPM33088	5
QPM33100	5
QPM33112	5
QPM33124	5
QPM33136	104
QPM33148	98
QPM33160	94
QPM33172	94
QPM33184	94
QPM33196	5
QPM33208	5
QPM33220	97
QPM33232	5
QPM33244	99
QPM33256	99
QPM33268	99
QPM33280	99
QPM33292	99
QPM33304	113
QPM33316	99
QPM33328	113
QPM33340	5
QPM33352	5
QPM33364	92
QPM33376	5
QPM33388	5
QPM33400	94
QPM33412	112
QPM33424	99
QPM33436	99
QPM33448	99
QPM33460	5
QPM33472	108
QPM33484	108
QPM33496	108
QPM33508	108
QPM33520	112
QPM33532	94
QPM33544	94
QPM33556	94
QPM33568	5
QPM33580	5
QPM33592	112
QPM33604	101
QPM33616	5
QPM33628	94
QPM33640	111
QPM33652	111
QPM33664	94
QPM33676	94
QPM33688	94
QPM33700	99
QPM33712	5
QPM33724	108
QPM33736	92
QPM33748	110
QPM33760	97
QPM33772	109
QPM33784	99
QPM33796	99
QPM33808	99
QPM33820	108
QPM33832	108
QPM33844	108
QPM33856	108
QPM33868	108
QPM33880	94
QPM33892	94
QPM33903	94
QPM33915	94
QPM33927	94
QPM33939	94
QPM33951	94
QPM33963	94
QPM33975	5
QPM33986	94
QPM33998	94
QPM34010	94
QPM34022	107
QPM34034	5
QPM34046	5
QPM34058	5
QPM34070	106
QPM34082	5
QPM34094	5
QPM34106	5
QPM34118	5
QPM34130	5
QPM34142	5
QPM34154	5
QPM34166	5
QPM34178	5
QPM34190	5
QPM34202	5
QPM34214	5
QPM34226	5
QPM34238	5
QPM34250	92
QPM34262	92
QPM34274	92
QPM34286	92
QPM34298	104
QPM34310	104
QPM34322	105
QPM34334	105
QPM34346	105
QPM34358	104
QPM34370	104
QPM34382	104
QPM34394	104
QPM34406	104
QPM34418	104
QPM34430	98
QPM34442	92
QPM34454	94
QPM34466	94
QPM34478	94
QPM34489	94
QPM34501	94
QPM34513	94
QPM34525	5
QPM34537	94
QPM34549	94
QPM34561	94
QPM34573	94
QPM34585	94
QPM34597	99
QPM34609	94
QPM34621	103
QPM34633	5
QPM34645	5
QPM34657	103
QPM34669	5
QPM34681	94
QPM34693	94
QPM34705	94
QPM34717	94
QPM34729	94
QPM34741	5
QPM34753	94
QPM34765	94
QPM34777	94
QPM34789	94
QPM34801	94
QPM34813	94
QPM34825	94
QPM34837	102
QPM34849	94
QPM34861	94
QPM34873	94
QPM34885	94
QPM34897	92
QPM34909	5
QPM34921	92
QPM34933	92
QPM34945	97
QPM34957	92
QPM34969	101
QPM34981	101
QPM34993	97
QPM35005	94
QPM35017	94
QPM35029	94
QPM35041	94
QPM35053	94
QPM35065	100
QPM35077	94
QPM35089	94
QPM35101	5
QPM35113	99
QPM35125	92
QPM35137	92
QPM35150	92
QPM35161	92
QPM35173	92
QPM35185	94
QPM35197	94
QPM35209	94
QPM35221	99
QPM35232	94
QPM35244	5
QPM35256	99
QPM35268	99
QPM35280	5
QPM35292	5
QPM35304	92
QPM35316	98
QPM35328	94
QPM35340	97
QPM35352	94
QPM35364	94
QPM35376	94
QPM35388	94
QPM35400	94
QPM35412	94
QPM35424	94
QPM35436	94
QPM35448	5
QPM35460	94
QPM35472	5
QPM35484	96
QPM35496	96
QPM35508	96
QPM35520	95
QPM35532	93
QPM35544	92
QPM35556	93
QPM35568	5
QPM35580	92
QPM35592	5
QPM35603	94
QPM35615	94
QPM35627	94
QPM35639	94
QPM35651	92
QPM35663	94
QPM35675	94
QPM35687	92
QPM35699	93
QPM35711	92
QPM35723	93
QPM35735	92
QTO34171	269
QTO34365	269
QTO34379	268
QZW57907	88
QZW57919	88
QZW57931	88
QZW57943	88
QZW57955	88
QZW57967	88
QZW57979	88
QZW57991	88
QZW58003	88
QZW58015	88
QZW58027	88
QZW58039	88
QZW58051	88
QZW58063	88
QZW58075	88
QZW58087	88
QZW58099	88
QZW58111	88
QZW58123	88
QZW58135	88
QZW58147	88
QZW58159	88
QZW58171	88
QZW58183	88
QZW58195	88
QZW58207	88
QZW58219	88
QZW58231	88
QZW58243	88
QZW58255	88
QZW58267	88
QZW58279	88
QZW58291	88
QZW58303	88
QZW58315	88
QZW58327	88
QZW58339	88
QZW58351	88
QZW58363	88
QZW58375	88
QZW58387	88
QZW58399	88
QZW58411	88
QZW58423	88
QZW58435	76
UDV79400	158
UEA08099	267
UEF69697	266
UEF69816	265
UEF69933	264
UEF69977	469
UMO96294	76
UPO81583	263
USE07565	81
UUA90792	115
UZC40556	254
UZN05626	88
UZN05627	182
UZN05628	477
UZT26827	391
UZY24313	262
WBK93536	183
WBK93547	184
WBK93558	183
WBO06481	375
WBO06482	375
WBO06483	91
WBO06485	91
WBO06486	91
WBO06487	91
WBO06492	91
WBO06493	91
WBO06496	90
WBO06497	90
WBO06499	90
WBO06500	91
WBO06501	90
WBO06503	91
WBO06504	433
WCJ14716	261
WCJ14737	261
WCJ14895	261
WCJ17526	261
WHU98467	89
WKF21266	70
WYN03019	81
XAV26197	81
XAV26209	81
XAV26219	81
XAV26230	87
XAV26242	81
XAV26252	70
XAV26264	81
XAV26276	81
XAV26288	81
XAV26300	81
XAV26312	81
XAV26323	81
XAV26335	81
XAV26345	81
XAV26357	70
XAV26366	81
XAV26373	81
XAV26384	81
XAV26391	81
XAV26402	81
XAV26413	81
XAV26420	81
XAV26431	81
XAV26442	81
XAV26453	81
XAV26465	81
XAV26474	81
XAV26481	81
XAV26492	70
XAV26502	81
XAV26509	70
XAV26518	81
XAV26527	81
XAV26533	81
XAV26540	81
XAV26544	81
XAV26553	81
XAV26563	81
XAV26573	81
XAV26584	81
XAV26593	81
XAV26600	70
XAV26612	70
XAV26623	81
XAV26634	70
XAV26646	81
XAV26658	81
XAV26670	81
XAV26682	81
XAV26694	81
XAV26706	70
XAV26713	86
XAV26721	81
XAV26733	70
XAV26740	81
XAV26747	81
XAV26756	81
XAV26768	81
XAV26779	70
XAV26788	81
XAV26800	81
XAV26812	83
XAV26824	83
XAV26836	81
XAV26848	81
XAV26860	81
XAV26872	81
XAV26884	81
XAV26896	81
XAV26908	81
XAV26920	70
XAV26932	70
XAV26944	70
XAV26956	81
XAV26968	81
XAV26980	70
XAV26992	70
XAV27004	81
XAV27016	81
XAV27028	81
XAV27040	85
XAV27052	81
XAV27064	81
XAV27076	81
XAV27088	70
XAV27100	70
XAV27112	70
XAV27124	70
XAV27136	70
XAV27148	81
XAV27160	81
XAV27172	81
XAV27184	81
XAV27196	81
XAV27208	81
XAV27220	81
XAV27232	81
XAV27244	81
XAV27256	81
XAV27268	81
XAV27280	81
XAV27292	81
XAV27304	81
XAV27316	81
XAV27328	81
XAV27340	81
XAV27352	81
XAV27364	81
XAV27376	70
XAV27388	70
XAV27400	81
XAV27412	81
XAV27424	81
XAV27436	81
XAV27448	81
XAV27460	81
XAV27472	81
XAV27484	83
XAV27496	83
XAV27508	81
XAV27520	81
XAV27532	81
XAV27544	70
XAV27556	81
XAV27568	70
XAV27580	70
XAV27592	70
XAV27604	81
XAV27616	81
XAV27628	83
XAV27640	81
XAV27652	81
XAV27664	81
XAV27676	81
XAV27688	81
XAV27700	81
XAV27712	81
XAV27724	81
XAV27736	81
XAV27748	81
XAV27760	81
XAV27772	81
XAV27784	81
XAV27796	81
XAV27808	81
XAV27820	81
XAV27832	81
XAV27844	81
XAV27856	81
XAV27868	81
XAV27880	81
XAV27892	81
XAV27904	81
XAV27916	81
XAV27928	81
XAV27940	81
XAV27952	81
XAV27964	70
XAV27976	81
XAV27988	81
XAV28000	81
XAV28012	81
XAV28024	84
XAV28036	81
XAV28048	81
XAV28060	70
XAV28072	81
XAV28084	70
XAV28096	70
XAV28108	70
XAV28120	81
XAV28132	83
XAV28144	81
XAV28156	81
XAV28168	81
XAV28180	81
XAV28192	81
XBE32674	81
XBU76260	253
XBU76272	252
XBU76284	252
XBU76296	252
XBU76308	251
XCV17369	81
XDB69070	81
XDJ26629	81
XDJ26636	81
XDJ26643	81
XEO39803	260
XGB73050	81
XGV25890	430
XHS89335	157
XHS89339	157
XIF04039	157
XIF08949	157
XIF08952	81
XIF08954	157
XIJ00975	157
XIJ00988	157
XIJ00989	81
XJJ53364	81
XJJ53380	81
XJN13169	70
XJN13173	70
XJN13179	70
XKC00317	70
XKC00329	70
XKH22199	70
XKI31530	153
XKI31543	70
XKI31544	70
XKI31548	70
XKQ11370	70
XKQ11380	81
XKQ11383	157
XKQ11392	81
XKQ11406	153
XKQ11420	70
XLD56318	157
XLD56327	153
XLD56331	156
XLD56333	153
XLD56350	153
XLD56357	153
XLE45473	157
XLQ97105	153
XLQ97115	81
XLQ97127	153
XLV27089	153
XLY78253	70
XLY78264	70
XLZ06471	70
XMF84336	153
XMP24816	70
XMP24855	70
XMQ95381	250
XMQ97000	249
XMQ97234	249
XMQ97314	249
XMQ97316	250
XMQ97336	249
XNO07819	248
XNT23180	155
XOD40167	247
XOL33074	387
XOL43332	70
XOS76387	81
XOS76399	81
XOS76411	81
XOS76423	81
XOS76435	81
XOS76447	81
XOS85058	81
XPB69556	70
XQH08052	70
XRJ07424	70
XRJ07432	70
XSS97160	70
XTJ61994	70
XTK65640	80
XTO96697	80
XTO99769	386
XTP41863	81
XTP41921	81
XTP41933	81
XTP41945	81
XTP41957	81
XTP41969	81
XTP41981	81
XTP41993	81
XTP42005	81
XTP42017	81
XTP42029	81
XTP42041	81
XXI57363	153
XXI57367	153
XXI57382	153
XXI57396	153
XXI57411	153
XXI57417	153
XXI57432	153
XXI57447	153
XXI57453	153
XXI57474	153
XXI57483	153
XXI57487	153
XXI57503	153
XXI57518	153
XXI57533	153
XXI57538	153
XXI57557	81
XXI57559	81
XXI57575	81
XXI57583	81
XXI57597	81
XXQ85019	70
XXQ85020	70
XXQ85021	70
XXQ85022	70
XXQ85023	70
XXQ85024	70
XXQ85025	70
XXQ85026	70
XXQ85027	70
XXQ85120	82
XZC43320	246
XZY35676	157
XZY35686	153
YBQ71883	73
YCM61902	245
YCM61986	244
YCN37165	244
YCN39022	244
YDD41509	81
YDD41522	81
YDD41534	70
YDD41546	227
YDL35783	462
YEL87964	70
YEL87969	70
YEL87990	70
YEL87993	70
YEL91739	79
YEM45960	81
YEO13115	70
YEO13122	70
YEO13139	70
YEO13148	70
YEO13165	70
YEO13171	70
YEO13185	70
YEO13209	70
YEO13224	70
YEO13234	70
YEO13245	70
YEO13254	70
YEO13266	70
YEO13276	70
YEO13284	70
YEO13297	70
YEO13314	70
YEO13328	70
YEO13340	70
YEO13359	70
YEO13370	70
YEO13382	70
YEO13386	70
YEP31388	70
YEP45467	70
YEP45527	70
YEP45535	70
YEP45540	70
YEP45559	70
YEP46247	70
YEP46264	70
YEP46941	78
YEP46944	77
YER60193	70
YEV12912	70
YEV12929	179
YEV12930	76
YEV12931	75
YEV12932	178
YEV12933	74
YEV12934	178
YEV12935	177
YEV12936	177
YEV12937	73
YEV12938	177
YEV12939	178
YEV12940	177
YEV12941	72
YEV12942	178
YEV12943	71
YEV12944	177
YFC56171	70
