label,layer,h13_test_auc
label_is_jump,0,0.9883314711945489
label_is_jump,1,0.9896926684186507
label_is_jump,2,0.9923993264827607
label_is_jump,3,0.9920531260327003
label_is_jump,4,0.9908099516893009
label_is_jump,5,0.9903614647426313
label_is_jump,6,0.9922340944497774
label_is_jump,7,0.9900467370607582
label_is_jump,8,0.9916361118542181
label_is_jump,9,0.9873400789966481
label_is_jump,10,0.9880246117047226
label_is_jump,11,0.987812170519458
label_is_jump,12,0.9884730986513919
label_is_jump,13,0.9850819078792075
label_is_jump,14,0.9849009394621304
label_is_jump,15,0.9856248131304388
label_is_jump,16,0.986930933010213
label_is_jump,17,0.9889687947503423
label_is_jump,18,0.9853179536406125
label_is_jump,19,0.981045525359183
label_is_jump,20,0.9809117660943868
label_is_jump,21,0.9787401450894615
label_is_jump,22,0.9788581679701638
label_is_jump,23,0.9800305285851417
label_is_jump,24,0.9800777377374227
label_is_jump,25,0.9805970384125136
label_is_jump,26,0.9828394731458605
label_is_jump,27,0.985616944938392
label_is_jump,28,0.9895982501140889
label_is_jump,29,0.9895982501140888
label_is_jump,30,0.9917305301587801
label_is_jump_human,0,0.9913702127659575
label_is_jump_human,1,0.9929191489361702
label_is_jump_human,2,0.9901957446808511
label_is_jump_human,3,0.9949957446808511
label_is_jump_human,4,0.9934808510638298
label_is_jump_human,5,0.9931744680851063
label_is_jump_human,6,0.9918723404255319
label_is_jump_human,7,0.9938893617021276
label_is_jump_human,8,0.9936255319148936
label_is_jump_human,9,0.9915489361702128
label_is_jump_human,10,0.9905276595744681
label_is_jump_human,11,0.9912340425531916
label_is_jump_human,12,0.9917361702127659
label_is_jump_human,13,0.9915148936170213
label_is_jump_human,14,0.9901446808510638
label_is_jump_human,15,0.9901446808510638
label_is_jump_human,16,0.9895659574468085
label_is_jump_human,17,0.9879574468085106
label_is_jump_human,18,0.9869446808510638
label_is_jump_human,19,0.9836
label_is_jump_human,20,0.9847829787234043
label_is_jump_human,21,0.9854127659574468
label_is_jump_human,22,0.9852595744680852
label_is_jump_human,23,0.9842723404255318
label_is_jump_human,24,0.9845191489361702
label_is_jump_human,25,0.9845617021276596
label_is_jump_human,26,0.9843489361702127
label_is_jump_human,27,0.986927659574468
label_is_jump_human,28,0.9921872340425532
label_is_jump_human,29,0.9921531914893617
label_is_jump_human,30,0.9905872340425532
