label,holdout,seed,selected_layer,val_auc,test_auc
label_is_jump,h5,42,11,0.8355838097115448,0.558566234946603
label_is_jump,h7,42,19,0.903827796869034,0.8954599761051374
label_is_jump_human,h5,42,11,0.8435773996118823,0.7131376143172501
label_is_jump_human,h7,42,17,0.8124929338609383,0.8853096078130592
label_is_jump,h5,43,11,0.563981206937008,0.6728660593792173
label_is_jump,h7,43,19,0.9033960871170174,0.864985994397759
label_is_jump_human,h5,43,11,0.7349472674976031,0.6868504035608984
label_is_jump_human,h7,43,17,0.8324258923169994,0.8686792452830189
label_is_jump,h5,44,11,0.6948602831874353,0.5507261156889941
label_is_jump,h7,44,19,0.8679559495030889,0.9335740072202167
label_is_jump_human,h5,44,11,0.8507271885132006,0.6552166569219775
label_is_jump_human,h7,44,17,0.7992273539756674,0.8806221101303068
label_is_jump,h5,45,11,0.6544359098006797,0.5235934322512616
label_is_jump,h7,45,19,0.9358261168779033,0.820060382422006
label_is_jump_human,h5,45,30,0.7292904345504305,0.6572462886347044
label_is_jump_human,h7,45,17,0.8872793572559157,0.748474506153687
label_is_jump,h5,46,25,0.5797998972546956,0.3359127369853519
label_is_jump,h7,46,19,0.8987731419966339,0.8921467764060357
label_is_jump_human,h5,46,11,0.7321170899359849,0.7013629875212967
label_is_jump_human,h7,46,17,0.8470268697254826,0.917233560090703
