family,label,layer,shuffle_id,fit_train_auc,real_h5_auc,real_h7_auc
linear,jump,L13,0,0.7595910073218721,0.36392023258869,0.1979395604395604
linear,jump,L17,0,0.6740462392528321,0.3752108785685148,0.2529990842490843
linear,jump,L28,0,0.6299592870940806,0.27971400026273396,0.538507326007326
transformer,jump,L17,0,0.5330453683693692,0.44934852350431786,0.2294909951159951
transformer,jump,L28,0,0.5495779978281672,0.640796878997186,0.2960927960927961
linear,jump,L13,1,0.5884591813695449,0.32416962242365155,0.451480463980464
linear,jump,L17,1,0.8038191644536192,0.304288267546134,0.8193147130647132
linear,jump,L28,1,0.5887835227415268,0.3146576161733491,0.48521062271062276
transformer,jump,L17,1,0.5412945700595282,0.4365557998520393,0.3279151404151404
transformer,jump,L28,1,0.5467030072358589,0.34483745065095794,0.4384310134310134
linear,jump,L13,2,0.7659835786500948,0.4712332247827259,0.22022283272283275
linear,jump,L17,2,0.8111329727947474,0.24468568722214157,0.4861340048840049
linear,jump,L28,2,0.6514170671655433,0.5746847192549418,0.44155982905982905
transformer,jump,L17,2,0.5366043429488903,0.3025882751515906,0.6577762515262515
transformer,jump,L28,2,0.5524083690825619,0.4974322941514039,0.6206425518925518
linear,jump,L13,3,0.8152669813315556,0.35238932332178685,0.785279304029304
linear,jump,L17,3,0.7967189555132658,0.3395672149509448,0.8207570207570207
linear,jump,L28,3,0.7991554580739498,0.7277186050209841,0.6713904151404151
transformer,jump,L17,3,0.5336548075992646,0.3015822806690036,0.7427655677655678
transformer,jump,L28,3,0.5393560479810198,0.3585799921179814,0.7677731990231991
linear,jump,L13,4,0.6457812326405689,0.343783057808384,0.6511370573870574
linear,jump,L17,4,0.6909334938912721,0.41815578049269536,0.47718253968253965
linear,jump,L28,4,0.6492509685442627,0.3735843479703802,0.7437042124542124
transformer,jump,L17,4,0.5364699473527652,0.29337443736906516,0.7473137973137973
transformer,jump,L28,4,0.5355809652829296,0.36346044816881345,0.7715811965811966
linear,jump_human,L13,0,0.8164173935663017,0.22144493820302735,0.20568864442353624
linear,jump_human,L17,0,0.8152415437930096,0.5504385964912281,0.8622439748136353
linear,jump_human,L28,0,0.7571632227568359,0.7296421021771667,0.7218372294998913
transformer,jump_human,L17,0,0.543928164843835,0.2975107623941119,0.447257002243613
transformer,jump_human,L28,0,0.5565320678110586,0.7204998534154207,0.3027068104508938
linear,jump_human,L13,1,0.5920398711599288,0.28806184326250983,0.525973438517768
linear,jump_human,L17,1,0.8123306153437524,0.24426777145149597,0.9235000361873055
linear,jump_human,L28,1,0.8039419859266275,0.36155472233794694,0.6092223348049506
transformer,jump_human,L17,1,0.5420796733711454,0.3780773117931151,0.3559564304841861
transformer,jump_human,L28,1,0.5476086941192233,0.4005086099152895,0.4455381052326844
linear,jump_human,L13,2,0.777661165656333,0.46997523492107574,0.2000434247665919
linear,jump_human,L17,2,0.8208884825093571,0.1609749417519172,0.4222334804950423
linear,jump_human,L28,2,0.6598801154264126,0.5900955114258822,0.40560541362090174
transformer,jump_human,L17,2,0.5392386730193502,0.2851320804209292,0.60457226604907
transformer,jump_human,L28,2,0.5536056650769288,0.5939298554213149,0.36142976044003766
linear,jump_human,L13,3,0.8299875578914544,0.4748260272493018,0.658925598899906
linear,jump_human,L17,3,0.7944664349049722,0.47294935888534007,0.6856318303539118
linear,jump_human,L28,3,0.8213423295732779,0.7561372648860498,0.6213631757979301
transformer,jump_human,L17,3,0.5414027223772262,0.4008085296795198,0.690598538032858
transformer,jump_human,L28,3,0.5514670797321343,0.5029152972580968,0.6257825504812912
linear,jump_human,L13,4,0.8043037707894078,0.4972959002607662,0.8706846638199319
linear,jump_human,L17,4,0.646252363256291,0.46379939514573587,0.30649743070130997
linear,jump_human,L28,4,0.7096636321398154,0.330017821598852,0.7535101686328437
transformer,jump_human,L17,4,0.5400958308750766,0.21494314061318642,0.7202268944054425
transformer,jump_human,L28,4,0.5456906663031189,0.35014234134148037,0.6619743793877108
