method,label,holdout,mean,std,n_seeds,ci95_lo,ci95_hi,note
CNN (budget-matched),jump,H5,0.345964,0.075538,5,,,"cluster target-val, 5 seeds"
CNN (budget-matched),jump,H7,0.645149,0.118778,5,,,"cluster target-val, 5 seeds"
CNN (budget-matched),jump_human,H5,0.608974,0.185502,5,,,"cluster target-val, 5 seeds"
CNN (budget-matched),jump_human,H7,0.721258,0.056848,5,,,"cluster target-val, 5 seeds"
CNN stage-2 logit head,jump_human,H5,0.722620,0.079916,5,,,"cluster target-val, 5 seeds"
ESM-2 linear probe,jump,H5,0.835657,0.017529,5,,,"cluster target-val, 5 seeds"
ESM-2 linear probe,jump,H7,0.917549,0.022618,5,,,"cluster target-val, 5 seeds"
ESM-2 linear probe,jump_human,H5,0.687513,0.102916,5,,,"cluster target-val, 5 seeds"
ESM-2 linear probe,jump_human,H7,0.853728,0.060172,5,,,"cluster target-val, 5 seeds"
Naive identity,jump,H5,0.324900,,1,0.232900,0.416900,"deterministic, bootstrap CI95"
Naive identity,jump_human,H5,0.336400,,1,0.242100,0.443600,"deterministic, bootstrap CI95"
Naive identity,jump,H7,0.237500,,1,0.141700,0.427900,"deterministic, bootstrap CI95"
Naive identity,jump_human,H7,0.157600,,1,0.086700,0.243200,"deterministic, bootstrap CI95"
