scale,label,layer,rel_depth,h5_auc
150M,jump,0,0.0,0.3640345164441549
150M,jump,1,0.0333333333333333,0.4472538803864104
150M,jump,2,0.0666666666666666,0.4414758131625601
150M,jump,3,0.1,0.4390028582799667
150M,jump,4,0.1333333333333333,0.4408064691197222
150M,jump,5,0.1666666666666666,0.4271952675567133
150M,jump,6,0.2,0.5197881616556315
150M,jump,7,0.2333333333333333,0.4725985021165744
150M,jump,8,0.2666666666666666,0.3698487644270776
150M,jump,9,0.3,0.5182369116104055
150M,jump,10,0.3333333333333333,0.4006729621187452
150M,jump,11,0.3666666666666666,0.7519537609899056
150M,jump,12,0.4,0.3128495965845363
150M,jump,13,0.4333333333333333,0.2331090126270849
150M,jump,14,0.4666666666666667,0.2904790332501176
150M,jump,15,0.5,0.3236296537501356
150M,jump,16,0.5333333333333333,0.2998227142805456
150M,jump,17,0.5666666666666667,0.3665255617062846
150M,jump,18,0.6,0.2888744165852599
150M,jump,19,0.6333333333333333,0.3553294258113535
150M,jump,20,0.6666666666666666,0.4074803719382032
150M,jump,21,0.7,0.2172726943811281
150M,jump,22,0.7333333333333333,0.2850356380476862
150M,jump,23,0.7666666666666667,0.2616284959658453
150M,jump,24,0.8,0.4547668150077788
150M,jump,25,0.8333333333333334,0.5936231412135027
150M,jump,26,0.8666666666666667,0.6125185426390245
150M,jump,27,0.9,0.3151217482542783
150M,jump,28,0.9333333333333332,0.8255255255255255
150M,jump,29,0.9666666666666668,0.6763395926046529
150M,jump,30,1.0,0.6564926372155289
150M,jump_human,0,0.0,0.4443537934546128
150M,jump_human,1,0.0333333333333333,0.5181031955438288
150M,jump_human,2,0.0666666666666666,0.3613059143020259
150M,jump_human,3,0.1,0.3726218580752674
150M,jump_human,4,0.1333333333333333,0.4284686540449629
150M,jump_human,5,0.1666666666666666,0.3181174682528661
150M,jump_human,6,0.2,0.4209060469996451
150M,jump_human,7,0.2333333333333333,0.4621792497955531
150M,jump_human,8,0.2666666666666666,0.4367333240753598
150M,jump_human,9,0.3,0.5449358885339999
150M,jump_human,10,0.3333333333333333,0.4281021925967072
150M,jump_human,11,0.3666666666666666,0.7443738523970436
150M,jump_human,12,0.4,0.284484022280856
150M,jump_human,13,0.4333333333333333,0.2522527735345399
150M,jump_human,14,0.4666666666666667,0.3081747905383512
150M,jump_human,15,0.5,0.3728648798777947
150M,jump_human,16,0.5333333333333333,0.3015186933913499
150M,jump_human,17,0.5666666666666667,0.2645793794071811
150M,jump_human,18,0.6,0.240045749818698
150M,jump_human,19,0.6333333333333333,0.1436683176719282
150M,jump_human,20,0.6666666666666666,0.309281889860976
150M,jump_human,21,0.7,0.2107326914471755
150M,jump_human,22,0.7333333333333333,0.2308379237451588
150M,jump_human,23,0.7666666666666667,0.2458030520452406
150M,jump_human,24,0.8,0.5795799966054098
150M,jump_human,25,0.8333333333333334,0.5809686926198521
150M,jump_human,26,0.8666666666666667,0.7314879106296965
150M,jump_human,27,0.9,0.5021679087781018
150M,jump_human,28,0.9333333333333332,0.7936262710426021
150M,jump_human,29,0.9666666666666668,0.5495918776713111
150M,jump_human,30,1.0,0.577944421299511
3B,jump,0,0.0,0.3567875104019682
3B,jump,1,0.0277777777777777,0.5479232244292486
3B,jump,2,0.0555555555555555,0.3320073085133326
3B,jump,3,0.0833333333333333,0.4208762979847317
3B,jump,4,0.1111111111111111,0.4430786207894641
3B,jump,5,0.1388888888888889,0.5003563804768624
3B,jump,6,0.1666666666666666,0.4624063822859003
3B,jump,7,0.1944444444444444,0.3425757082383588
3B,jump,8,0.2222222222222222,0.3007471326748435
3B,jump,9,0.25,0.4153659683780166
3B,jump,10,0.2777777777777778,0.458542277216976
3B,jump,11,0.3055555555555556,0.497991967871486
3B,jump,12,0.3333333333333333,0.6396685842468974
3B,jump,13,0.3611111111111111,0.5487951807228915
3B,jump,14,0.3888888888888889,0.6820742429176163
3B,jump,15,0.4166666666666667,0.6583668005354752
3B,jump,16,0.4444444444444444,0.6032164694815297
3B,jump,17,0.4722222222222222,0.7304063099243822
3B,jump,18,0.5,0.5915065668077717
3B,jump,19,0.5277777777777778,0.5449184123882919
3B,jump,20,0.5555555555555556,0.5231158869713086
3B,jump,21,0.5833333333333334,0.5633742175910851
3B,jump,22,0.6111111111111112,0.5211476536777742
3B,jump,23,0.6388888888888888,0.4702865516118528
3B,jump,24,0.6666666666666666,0.5086435833423785
3B,jump,25,0.6944444444444444,0.491334708202178
3B,jump,26,0.7222222222222222,0.5055012844169471
3B,jump,27,0.75,0.6448731864394515
3B,jump,28,0.7777777777777778,0.6711494627157277
3B,jump,29,0.8055555555555556,0.7226364919136004
3B,jump,30,0.8333333333333334,0.5755128622598502
3B,jump,31,0.8611111111111112,0.5049658091826768
3B,jump,32,0.8888888888888888,0.5330004703498679
3B,jump,33,0.9166666666666666,0.665185064582655
3B,jump,34,0.9444444444444444,0.682081479069431
3B,jump,35,0.9722222222222222,0.5479105611635732
3B,jump,36,1.0,0.5764951698686639
3B,jump_human,0,0.0,0.4467126479347004
3B,jump_human,1,0.0277777777777777,0.592577805551698
3B,jump_human,2,0.0555555555555555,0.309254887438473
3B,jump_human,3,0.0833333333333333,0.3769596043759354
3B,jump_human,4,0.1111111111111111,0.4895442762579271
3B,jump_human,5,0.1388888888888889,0.5448452375441682
3B,jump_human,6,0.1666666666666666,0.5908052893888195
3B,jump_human,7,0.1944444444444444,0.5297971732321128
3B,jump_human,8,0.2222222222222222,0.427986467928837
3B,jump_human,9,0.25,0.4746678702032125
3B,jump_human,10,0.2777777777777778,0.4717361786171674
3B,jump_human,11,0.3055555555555556,0.7179924856115663
3B,jump_human,12,0.3333333333333333,0.7734863213442577
3B,jump_human,13,0.3611111111111111,0.7336616056411918
3B,jump_human,14,0.3888888888888889,0.8286329830733385
3B,jump_human,15,0.4166666666666667,0.7997307472727554
3B,jump_human,16,0.4444444444444444,0.7923050810844172
3B,jump_human,17,0.4722222222222222,0.7727842583591784
3B,jump_human,18,0.5,0.7772743754725424
3B,jump_human,19,0.5277777777777778,0.6595110247033591
3B,jump_human,20,0.5555555555555556,0.5924061472943574
3B,jump_human,21,0.5833333333333334,0.699262448116774
3B,jump_human,22,0.6111111111111112,0.6535261306300051
3B,jump_human,23,0.6388888888888888,0.6165926028792297
3B,jump_human,24,0.6666666666666666,0.603604437655264
3B,jump_human,25,0.6944444444444444,0.5860007869277415
3B,jump_human,26,0.7222222222222222,0.6249093490101684
3B,jump_human,27,0.75,0.7524302180252743
3B,jump_human,28,0.7777777777777778,0.7525382277152864
3B,jump_human,29,0.8055555555555556,0.7902528969741858
3B,jump_human,30,0.8333333333333334,0.6570673054668335
3B,jump_human,31,0.8611111111111112,0.5813216528568563
3B,jump_human,32,0.8888888888888888,0.6802180252742674
3B,jump_human,33,0.9166666666666666,0.6970386057492015
3B,jump_human,34,0.9444444444444444,0.7748730886142356
3B,jump_human,35,0.9722222222222222,0.6812306161181317
3B,jump_human,36,1.0,0.6495972781558117
650M,jump,0,0.0,0.3721037302362604
650M,jump,1,0.0303030303030303,0.5355910126994464
650M,jump,2,0.0606060606060606,0.455911936032418
650M,jump,3,0.0909090909090909,0.3667661637541155
650M,jump,4,0.1212121212121212,0.2834328304207822
650M,jump,5,0.1515151515151515,0.3176326929338977
650M,jump,6,0.1818181818181818,0.3917743044249068
650M,jump,7,0.2121212121212121,0.3743008068309272
650M,jump,8,0.2424242424242424,0.4596837801657078
650M,jump,9,0.2727272727272727,0.2559408806396758
650M,jump,10,0.303030303030303,0.2184793226961901
650M,jump,11,0.3333333333333333,0.2142497919606353
650M,jump,12,0.3636363636363636,0.2086616737219146
650M,jump,13,0.3939393939393939,0.3119613589493107
650M,jump,14,0.4242424242424242,0.3210065487173921
650M,jump,15,0.4545454545454545,0.5574441911791309
650M,jump,16,0.4848484848484848,0.4779116465863453
650M,jump,17,0.5151515151515151,0.5505734650312963
650M,jump,18,0.5454545454545454,0.4844404645609464
650M,jump,19,0.5757575757575758,0.6130702992148775
650M,jump,20,0.6060606060606061,0.5449166033503382
650M,jump,21,0.6363636363636364,0.5066283150620501
650M,jump,22,0.6666666666666666,0.470516299431962
650M,jump,23,0.696969696969697,0.4530355656861681
650M,jump,24,0.7272727272727273,0.5193693693693694
650M,jump,25,0.7575757575757576,0.6175114873910055
650M,jump,26,0.7878787878787878,0.6136799450052463
650M,jump,27,0.8181818181818182,0.6545804840985564
650M,jump,28,0.8484848484848485,0.5926317884149209
650M,jump,29,0.8787878787878788,0.6063008791924455
650M,jump,30,0.9090909090909092,0.5724809146495894
650M,jump,31,0.9393939393939394,0.5756937660552118
650M,jump,32,0.9696969696969696,0.619192083649915
650M,jump,33,1.0,0.5346665943051485
650M,jump_human,0,0.0,0.4501506349426777
650M,jump_human,1,0.0303030303030303,0.5274460337298832
650M,jump_human,2,0.0606060606060606,0.4136038204570352
650M,jump_human,3,0.0909090909090909,0.4434742859787992
650M,jump_human,4,0.1212121212121212,0.4040179604684534
650M,jump_human,5,0.1515151515151515,0.3929103210973785
650M,jump_human,6,0.1818181818181818,0.3461363390887068
650M,jump_human,7,0.2121212121212121,0.3500131154623586
650M,jump_human,8,0.2424242424242424,0.3925129997376907
650M,jump_human,9,0.2727272727272727,0.2881197055964449
650M,jump_human,10,0.303030303030303,0.2313991883843293
650M,jump_human,11,0.3333333333333333,0.236892252619235
650M,jump_human,12,0.3636363636363636,0.2252272060979185
650M,jump_human,13,0.3939393939393939,0.3254949158295915
650M,jump_human,14,0.4242424242424242,0.4574036785014427
650M,jump_human,15,0.4545454545454545,0.5386925427024024
650M,jump_human,16,0.4848484848484848,0.4457559906803067
650M,jump_human,17,0.5151515151515151,0.4595117962011449
650M,jump_human,18,0.5454545454545454,0.2938461479115554
650M,jump_human,19,0.5757575757575758,0.4938569488805567
650M,jump_human,20,0.6060606060606061,0.4347968646329984
650M,jump_human,21,0.6363636363636364,0.4312325448625962
650M,jump_human,22,0.6666666666666666,0.37612638676727
650M,jump_human,23,0.696969696969697,0.3799954481630637
650M,jump_human,24,0.7272727272727273,0.4640482031816568
650M,jump_human,25,0.7575757575757576,0.5619261985218101
650M,jump_human,26,0.7878787878787878,0.5878716690583099
650M,jump_human,27,0.8181818181818182,0.538437948433088
650M,jump_human,28,0.8484848484848485,0.5205662022249997
650M,jump_human,29,0.8787878787878788,0.4013138607292197
650M,jump_human,30,0.9090909090909092,0.4882115138329553
650M,jump_human,31,0.9393939393939394,0.5411343331944638
650M,jump_human,32,0.9696969696969696,0.5619011248437717
650M,jump_human,33,1.0,0.6451341634649508
