layer,rel_depth,gap_h7_jump,gap_h7_jump_human,auc_h7_jump,auc_h7_jump_human
0,0.0,-2.8760517835617065,-4.213639557361603,0.20321539830885624,0.3048328146486213
1,0.03333333333333333,-5.895828723907471,-14.43491506576538,0.4021075720007629,0.5062151697184627
2,0.06666666666666667,-5.74650764465332,-4.2674195766448975,0.26780946023269125,0.5920424115220382
3,0.1,1.2216684818267822,6.9810569286346436,0.43740066119905907,0.63580191068973
4,0.13333333333333333,-3.2044681906700134,-1.9106751680374146,0.34706592917540846,0.5676702612723457
5,0.16666666666666666,-6.91686749458313,-8.849384307861328,0.2572636531248013,0.33387312730694074
6,0.2,-3.914731204509735,-5.180911660194397,0.3794106427617776,0.29935948469276974
7,0.23333333333333334,-11.825236797332764,-12.006463766098022,0.18310922499841056,0.16413657089093148
8,0.26666666666666666,-7.092755556106567,-7.090330362319946,0.29488524381715303,0.3155171165954983
9,0.3,-10.496343851089478,-5.476042747497559,0.2879553690635132,0.290267424187595
10,0.3333333333333333,-2.004225581884384,0.5175620913505554,0.35447263017356473,0.4866559310993703
11,0.36666666666666664,-4.144883453845978,-7.8400856256484985,0.30098861974696417,0.24420098429470943
12,0.4,-2.3539626598358154,-1.3360648155212402,0.3878186788734185,0.3993178692914526
13,0.43333333333333335,8.583318710327148,9.651147723197937,0.7940825863055502,0.8631757979300861
14,0.4666666666666667,5.027765512466431,-2.5834697484970093,0.6475061987411787,0.39865745096620103
15,0.5,3.9667141437530518,-0.7356185913085938,0.6593553309174137,0.4087084750669465
16,0.5333333333333333,-3.853031873703003,-13.629851818084717,0.2386912709008837,0.1164326554244771
17,0.5666666666666667,10.393067359924316,3.0410240292549133,0.9246058236378665,0.6277321415647391
18,0.6,5.576467037200928,-0.03490489721298218,0.7090326784919575,0.38728559021495257
19,0.6333333333333333,3.4283125400543213,-0.6435437202453613,0.7076419352787845,0.43386769921111673
20,0.6666666666666666,4.623815536499023,3.8469042778015137,0.6349656685103948,0.594032713324166
21,0.7,1.470962405204773,-1.107300877571106,0.5266784283806981,0.35093544184700004
22,0.7333333333333333,7.107294797897339,10.21920394897461,0.6143826689554327,0.7308297749149599
23,0.7666666666666667,-0.1662117838859558,0.34728777408599854,0.38065039099752046,0.45734421364985167
24,0.8,-0.9370886236429214,-2.180676579475403,0.318813974187806,0.5542447709343563
25,0.8333333333333334,2.414978861808777,-3.8610713481903076,0.6250635768326022,0.31214265035825434
26,0.8666666666666667,0.6581122875213623,-10.374583721160889,0.4173183292008392,0.208999782876167
27,0.9,-8.36006784439087,-31.761893272399902,0.2013955114756183,0.1104074690598538
28,0.9333333333333333,-12.144133567810059,-21.626916885375977,0.27640027973806347,0.20591481508286893
29,0.9666666666666667,-11.459886074066162,-22.970449924468994,0.18148801576705448,0.16260765723384238
30,1.0,-11.702147722244263,-30.937264442443848,0.21124992052895925,0.11887529854527032
