scale,label,layer,n_tr,rel_depth,auc_h7,auc_h5,auc_test_h13
150M,jump,0,30,0.0,0.20321539830885624,0.36403451644415497,0.9160699954364486
150M,jump,1,30,0.03333333333333333,0.4021075720007629,0.44725388038641045,0.9841849339858688
150M,jump,2,30,0.06666666666666667,0.26780946023269125,0.4414758131625601,0.9878672478637859
150M,jump,3,30,0.1,0.43740066119905907,0.4390028582799667,0.9905896423119895
150M,jump,4,30,0.13333333333333333,0.34706592917540846,0.4408064691197222,0.9881583709695186
150M,jump,5,30,0.16666666666666666,0.2572636531248013,0.4271952675567133,0.9870489558909155
150M,jump,6,30,0.2,0.3794106427617776,0.5197881616556315,0.9850819078792076
150M,jump,7,30,0.23333333333333334,0.18310922499841056,0.4725985021165744,0.9894094135049648
150M,jump,8,30,0.26666666666666666,0.29488524381715303,0.36984876442707765,0.9871197696193368
150M,jump,9,30,0.3,0.2879553690635132,0.5182369116104055,0.9906447196563174
150M,jump,10,30,0.3333333333333333,0.35447263017356473,0.40067296211874526,0.990660456040411
150M,jump,11,30,0.36666666666666664,0.30098861974696417,0.7519537609899056,0.9893307315844966
150M,jump,12,30,0.4,0.3878186788734185,0.31284959658453637,0.9913213841723449
150M,jump,13,30,0.43333333333333335,0.7940825863055502,0.23310901262708494,0.989590381922042
150M,jump,14,30,0.4666666666666667,0.6475061987411787,0.2904790332501176,0.9885753851480007
150M,jump,15,30,0.5,0.6593553309174137,0.32362965375013564,0.9857664405872819
150M,jump,16,30,0.5333333333333333,0.2386912709008837,0.29982271428054563,0.9851291170314884
150M,jump,17,30,0.5666666666666667,0.9246058236378665,0.3665255617062846,0.984177065793822
150M,jump,18,30,0.6,0.7090326784919575,0.2888744165852599,0.9839488882244638
150M,jump,19,30,0.6333333333333333,0.7076419352787845,0.3553294258113535,0.9828866822981415
150M,jump,20,30,0.6666666666666666,0.6349656685103948,0.4074803719382032,0.984224274946103
150M,jump,21,30,0.7,0.5266784283806981,0.21727269438112812,0.9808252159818718
150M,jump,22,30,0.7333333333333333,0.6143826689554327,0.2850356380476862,0.9801170786976567
150M,jump,23,30,0.7666666666666667,0.38065039099752046,0.26162849596584536,0.981887421908194
150M,jump,24,30,0.8,0.318813974187806,0.4547668150077788,0.9848458621178027
150M,jump,25,30,0.8333333333333334,0.6250635768326022,0.5936231412135027,0.9831778054038742
150M,jump,26,30,0.8666666666666667,0.4173183292008392,0.6125185426390245,0.9856720222827199
150M,jump,27,30,0.9,0.2013955114756183,0.31512174825427836,0.9882999984263615
150M,jump,28,30,0.9333333333333333,0.27640027973806347,0.8255255255255255,0.988654067068469
150M,jump,29,30,0.9666666666666667,0.18148801576705448,0.6763395926046529,0.9897162729947913
150M,jump,30,30,1.0,0.21124992052895925,0.6564926372155289,0.9911718885234551
150M,jump_human,0,30,0.0,0.3048328146486213,0.44435379345461284,0.9598638297872341
150M,jump_human,1,30,0.03333333333333333,0.5062151697184627,0.5181031955438288,0.9877276595744682
150M,jump_human,2,30,0.06666666666666667,0.5920424115220382,0.36130591430202597,0.9922468085106383
150M,jump_human,3,30,0.1,0.63580191068973,0.3726218580752674,0.9927319148936169
150M,jump_human,4,30,0.13333333333333333,0.5676702612723457,0.4284686540449629,0.9924425531914893
150M,jump_human,5,30,0.16666666666666666,0.33387312730694074,0.31811746825286613,0.991140425531915
150M,jump_human,6,30,0.2,0.29935948469276974,0.4209060469996451,0.9910723404255319
150M,jump_human,7,30,0.23333333333333334,0.16413657089093148,0.46217924979555314,0.9930127659574468
150M,jump_human,8,30,0.26666666666666666,0.3155171165954983,0.43673332407535986,0.9913361702127659
150M,jump_human,9,30,0.3,0.290267424187595,0.5449358885339999,0.9932170212765957
150M,jump_human,10,30,0.3333333333333333,0.4866559310993703,0.42810219259670723,0.9931063829787234
150M,jump_human,11,30,0.36666666666666664,0.24420098429470943,0.7443738523970436,0.9923659574468086
150M,jump_human,12,30,0.4,0.3993178692914526,0.28448402228085606,0.9918297872340426
150M,jump_human,13,30,0.43333333333333335,0.8631757979300861,0.25225277353453995,0.9903319148936169
150M,jump_human,14,30,0.4666666666666667,0.39865745096620103,0.3081747905383512,0.9917446808510638
150M,jump_human,15,30,0.5,0.4087084750669465,0.37286487987779476,0.9903829787234042
150M,jump_human,16,30,0.5333333333333333,0.1164326554244771,0.30151869339134996,0.9905276595744681
150M,jump_human,17,30,0.5666666666666667,0.6277321415647391,0.2645793794071811,0.990808510638298
150M,jump_human,18,30,0.6,0.38728559021495257,0.240045749818698,0.9898808510638298
150M,jump_human,19,30,0.6333333333333333,0.43386769921111673,0.14366831767192828,0.9864085106382978
150M,jump_human,20,30,0.6666666666666666,0.594032713324166,0.30928188986097604,0.9851063829787234
150M,jump_human,21,30,0.7,0.35093544184700004,0.21073269144717555,0.987668085106383
150M,jump_human,22,30,0.7333333333333333,0.7308297749149599,0.23083792374515885,0.9882723404255319
150M,jump_human,23,30,0.7666666666666667,0.45734421364985167,0.24580305204524064,0.9885106382978723
150M,jump_human,24,30,0.8,0.5542447709343563,0.5795799966054098,0.9892425531914893
150M,jump_human,25,30,0.8333333333333334,0.31214265035825434,0.5809686926198521,0.9872595744680851
150M,jump_human,26,30,0.8666666666666667,0.208999782876167,0.7314879106296965,0.9891234042553192
150M,jump_human,27,30,0.9,0.1104074690598538,0.5021679087781018,0.9919234042553192
150M,jump_human,28,30,0.9333333333333333,0.20591481508286893,0.7936262710426021,0.9915914893617022
150M,jump_human,29,30,0.9666666666666667,0.16260765723384238,0.5495918776713111,0.9918978723404255
150M,jump_human,30,30,1.0,0.11887529854527032,0.577944421299511,0.993327659574468
650M,jump,0,33,0.0,0.19971867251573527,0.3721037302362604,0.9247722158402443
650M,jump,1,33,0.030303030303030304,0.16978987856824973,0.5355910126994464,0.9873558153807418
650M,jump,2,33,0.06060606060606061,0.20722073876279481,0.455911936032418,0.990377201126725
650M,jump,3,33,0.09090909090909091,0.3456672388581601,0.3667661637541155,0.9885439123798134
650M,jump,4,33,0.12121212121212122,0.22876533791086529,0.2834328304207822,0.9901175507891796
650M,jump,5,33,0.15151515151515152,0.5938394049208469,0.31763269293389773,0.9895038318095268
650M,jump,6,33,0.18181818181818182,0.21380888804119777,0.39177430442490685,0.9899523187561963
650M,jump,7,33,0.21212121212121213,0.23301703859113737,0.37430080683092726,0.9885596487639071
650M,jump,8,33,0.24242424242424243,0.3444195435183419,0.4596837801657078,0.9902198372857884
650M,jump,9,33,0.2727272727272727,0.37902918176616435,0.2559408806396758,0.9891340267833257
650M,jump,10,33,0.30303030303030304,0.2548874690062941,0.21847932269619014,0.9869388012022599
650M,jump,11,33,0.3333333333333333,0.2040816326530612,0.21424979196063534,0.9885439123798133
650M,jump,12,33,0.36363636363636365,0.15451554453557126,0.20866167372191466,0.9879459297842542
650M,jump,13,33,0.3939393939393939,0.16659514272998915,0.31196135894931076,0.9916675846224055
650M,jump,14,33,0.42424242424242425,0.1602056710534681,0.3210065487173921,0.9889923993264829
650M,jump,15,33,0.45454545454545453,0.13113516434611225,0.5574441911791309,0.9847829165814279
650M,jump,16,33,0.48484848484848486,0.13400406891728653,0.47791164658634533,0.9853572946008465
650M,jump,17,33,0.5151515151515151,0.1406796363405175,0.5505734650312963,0.9891418949753725
650M,jump,18,33,0.5454545454545454,0.13396433339691013,0.48444046456094647,0.9827057138810643
650M,jump,19,33,0.5757575757575758,0.1324225952063068,0.6130702992148775,0.9868994602420256
650M,jump,20,33,0.6060606060606061,0.14796713077754467,0.5449166033503382,0.9880324798967693
650M,jump,21,33,0.6363636363636364,0.15473806344967894,0.5066283150620501,0.9887091444127969
650M,jump,22,33,0.6666666666666666,0.14013923326339878,0.47051629943196205,0.9896061183061357
650M,jump,23,33,0.696969696969697,0.13313783457308154,0.45303556568616815,0.9886383306843753
650M,jump,24,33,0.7272727272727273,0.12153506262318009,0.5193693693693694,0.986930933010213
650M,jump,25,33,0.7575757575757576,0.13604647466463218,0.6175114873910055,0.9867027554408548
650M,jump,26,33,0.7878787878787878,0.12503178841630108,0.6136799450052463,0.9851841943758164
650M,jump,27,33,0.8181818181818182,0.1601818297412423,0.6545804840985564,0.9869938785465876
650M,jump,28,33,0.8484848484848485,0.19630141776336704,0.5926317884149209,0.9896218546902292
650M,jump,29,33,0.8787878787878788,0.2754943098734821,0.6063008791924455,0.9869938785465875
650M,jump,30,33,0.9090909090909091,0.12589802276050605,0.5724809146495894,0.9835161376618881
650M,jump,31,33,0.9393939393939394,0.15258439824527942,0.5756937660552118,0.9887091444127968
650M,jump,32,33,0.9696969696969697,0.1552228367982707,0.619192083649915,0.9842872204824775
650M,jump,33,33,1.0,0.1494135037192447,0.5346665943051485,0.9820369175570838
650M,jump_human,0,33,0.0,0.3203209813997249,0.4501506349426777,0.9648851063829788
650M,jump_human,1,33,0.030303030303030304,0.5348755156691032,0.5274460337298832,0.9912851063829788
650M,jump_human,2,33,0.06060606060606061,0.5309220525439675,0.41360382045703525,0.9919744680851064
650M,jump_human,3,33,0.09090909090909091,0.6643356010711442,0.44347428597879923,0.9930212765957447
650M,jump_human,4,33,0.12121212121212122,0.5858634291090685,0.4040179604684534,0.993191489361702
650M,jump_human,5,33,0.15151515151515152,0.5838459868278209,0.3929103210973785,0.9934382978723405
650M,jump_human,6,33,0.18181818181818182,0.4562495476586813,0.3461363390887068,0.9944595744680851
650M,jump_human,7,33,0.21212121212121213,0.25370015198668305,0.35001311546235864,0.9936595744680852
650M,jump_human,8,33,0.24242424242424243,0.48092024317869286,0.39251299973769077,0.9939404255319149
650M,jump_human,9,33,0.2727272727272727,0.39946261851342546,0.2881197055964449,0.992136170212766
650M,jump_human,10,33,0.30303030303030304,0.1709488311500326,0.23139918838432932,0.9918297872340425
650M,jump_human,11,33,0.3333333333333333,0.253347325758124,0.236892252619235,0.9925446808510638
650M,jump_human,12,33,0.36363636363636365,0.10677064485778388,0.2252272060979185,0.9920595744680851
650M,jump_human,13,33,0.3939393939393939,0.1667330100600709,0.32549491582959156,0.992672340425532
650M,jump_human,14,33,0.42424242424242425,0.14640479119924732,0.4574036785014427,0.9925872340425531
650M,jump_human,15,33,0.45454545454545453,0.10283527538539482,0.5386925427024024,0.9896936170212766
650M,jump_human,16,33,0.48484848484848486,0.09633965404935949,0.4457559906803067,0.9900255319148935
650M,jump_human,17,33,0.5151515151515151,0.10366758341173916,0.4595117962011449,0.9905106382978723
650M,jump_human,18,33,0.5454545454545454,0.1028262285590215,0.29384614791155544,0.9923148936170212
650M,jump_human,19,33,0.5757575757575758,0.07997394514004488,0.4938569488805567,0.9916765957446809
650M,jump_human,20,33,0.6060606060606061,0.07918687124556704,0.43479686463299844,0.9933021276595744
650M,jump_human,21,33,0.6363636363636364,0.08680429905189259,0.4312325448625962,0.9928851063829787
650M,jump_human,22,33,0.6666666666666666,0.08880364768039371,0.37612638676727,0.9926723404255319
650M,jump_human,23,33,0.696969696969697,0.09347181008902078,0.37999544816306374,0.9923829787234043
650M,jump_human,24,33,0.7272727272727273,0.10167728160961136,0.4640482031816568,0.9925957446808511
650M,jump_human,25,33,0.7575757575757576,0.11588984584207859,0.5619261985218101,0.9928510638297873
650M,jump_human,26,33,0.7878787878787878,0.0940598538032858,0.5878716690583099,0.9921531914893618
650M,jump_human,27,33,0.8181818181818182,0.11878483028153725,0.538437948433088,0.9932085106382978
650M,jump_human,28,33,0.8484848484848485,0.13757508865889845,0.5205662022249997,0.9933106382978724
650M,jump_human,29,33,0.8787878787878788,0.3254143446478975,0.4013138607292197,0.9916765957446809
650M,jump_human,30,33,0.9090909090909091,0.1355305058985308,0.48821151383295536,0.9915659574468085
650M,jump_human,31,33,0.9393939393939394,0.17011652312368825,0.5411343331944638,0.9924255319148936
650M,jump_human,32,33,0.9696969696969697,0.18303539118477238,0.5619011248437717,0.9874553191489361
650M,jump_human,33,33,1.0,0.2116957371354129,0.6451341634649508,0.9873872340425531
3B,jump,0,36,0.0,0.20506707355839532,0.35678751040196827,0.9306576234912742
3B,jump,1,36,0.027777777777777776,0.5872353614342932,0.5479232244292486,0.9785906494405716
3B,jump,2,36,0.05555555555555555,0.6999173501176172,0.3320073085133326,0.9897556139550254
3B,jump,3,36,0.08333333333333333,0.5065404666539514,0.4208762979847317,0.9904873558153808
3B,jump,4,36,0.1111111111111111,0.5966049971390426,0.44307862078946414,0.9927769997010087
3B,jump,5,36,0.1388888888888889,0.3894875707292263,0.5003563804768624,0.9921396761452154
3B,jump,6,36,0.16666666666666666,0.25445832538622926,0.46240638228590036,0.991502352589422
3B,jump,7,36,0.19444444444444445,0.2805725093775828,0.3425757082383588,0.9917226619667332
3B,jump,8,36,0.2222222222222222,0.23856411723567933,0.30074713267484354,0.9918957621917637
3B,jump,9,36,0.25,0.3698025939347701,0.4153659683780166,0.9927297905487277
3B,jump,10,36,0.2777777777777778,0.32468688409943414,0.45854227721697605,0.9942798243819535
3B,jump,11,36,0.3055555555555556,0.3178762159069235,0.497991967871486,0.9922104898736368
3B,jump,12,36,0.3333333333333333,0.18574766355140182,0.6396685842468974,0.9899837915243834
3B,jump,13,36,0.3611111111111111,0.21864867442304023,0.5487951807228915,0.9900703416368988
3B,jump,14,36,0.3888888888888889,0.2501827833937313,0.6820742429176163,0.9902434418619289
3B,jump,15,36,0.4166666666666667,0.32079280310254943,0.6583668005354752,0.9888035627173588
3B,jump,16,36,0.4444444444444444,0.2277004259647784,0.6032164694815297,0.990526696775615
3B,jump,17,36,0.4722222222222222,0.20653728781232117,0.7304063099243822,0.9877964341353644
3B,jump,18,36,0.5,0.2457403522156526,0.5915065668077717,0.9892441814719815
3B,jump,19,36,0.5277777777777778,0.22379839786381844,0.5449184123882919,0.9898028231073065
3B,jump,20,36,0.5555555555555556,0.20029881111323034,0.5231158869713086,0.9898657686436811
3B,jump,21,36,0.5833333333333334,0.18190921228304402,0.5633742175910851,0.9907942153052072
3B,jump,22,36,0.6111111111111112,0.20462203573017992,0.5211476536777742,0.9884730986513919
3B,jump,23,36,0.6388888888888888,0.2636690190094729,0.47028655161185284,0.9903614647426313
3B,jump,24,36,0.6666666666666666,0.17393826689554323,0.5086435833423785,0.9896769320345571
3B,jump,25,36,0.6944444444444444,0.2592186407273189,0.49133470820217806,0.9897949549152596
3B,jump,26,36,0.7222222222222222,0.2099227541483883,0.5055012844169471,0.9891891041276535
3B,jump,27,36,0.75,0.20618761523300908,0.6448731864394515,0.9892363132799346
3B,jump,28,36,0.7777777777777778,0.19971867251573525,0.6711494627157277,0.9914708798212346
3B,jump,29,36,0.8055555555555556,0.18699535889122004,0.7226364919136004,0.9883865485388768
3B,jump,30,36,0.8333333333333334,0.18933975459342614,0.5755128622598502,0.9896454592663698
3B,jump,31,36,0.8611111111111112,0.20384321953080298,0.5049658091826768,0.9909043699938629
3B,jump,32,36,0.8888888888888888,0.182052260156399,0.5330004703498679,0.9903221237823974
3B,jump,33,36,0.9166666666666666,0.20029881111323034,0.665185064582655,0.9884967032275325
3B,jump,34,36,0.9444444444444444,0.3386340517515417,0.682081479069431,0.9884809668434387
3B,jump,35,36,0.9722222222222222,0.29104679254879523,0.5479105611635732,0.9862700048782792
3B,jump,36,36,1.0,0.2937726492466145,0.5764951698686639,0.986647678096527
3B,jump_human,0,36,0.0,0.28351849171310706,0.44671264793470045,0.9660085106382978
3B,jump_human,1,36,0.027777777777777776,0.6580480567416951,0.592577805551698,0.9905531914893617
3B,jump_human,2,36,0.05555555555555555,0.6699808207280886,0.30925488743847307,0.9930127659574468
3B,jump_human,3,36,0.08333333333333333,0.4721629152493306,0.37695960437593545,0.9936255319148937
3B,jump_human,4,36,0.1111111111111111,0.3510982847217196,0.4895442762579271,0.9946808510638299
3B,jump_human,5,36,0.1388888888888889,0.22304950423391473,0.5448452375441682,0.9946978723404255
3B,jump_human,6,36,0.16666666666666666,0.21424694217268583,0.5908052893888195,0.9954978723404256
3B,jump_human,7,36,0.19444444444444445,0.21340558731996814,0.5297971732321128,0.9934893617021276
3B,jump_human,8,36,0.2222222222222222,0.20715423029601215,0.42798646792883704,0.994740425531915
3B,jump_human,9,36,0.25,0.4817163638995441,0.47466787020321255,0.9948340425531914
3B,jump_human,10,36,0.2777777777777778,0.25278642252297895,0.4717361786171674,0.9958808510638297
3B,jump_human,11,36,0.3055555555555556,0.2892541796337844,0.7179924856115663,0.994536170212766
3B,jump_human,12,36,0.3333333333333333,0.15451979445610484,0.7734863213442577,0.9935234042553192
3B,jump_human,13,36,0.3611111111111111,0.14784323659260332,0.7336616056411918,0.993327659574468
3B,jump_human,14,36,0.3888888888888889,0.2367011652312369,0.8286329830733385,0.9936851063829787
3B,jump_human,15,36,0.4166666666666667,0.20167185351378739,0.7997307472727554,0.9927659574468085
3B,jump_human,16,36,0.4444444444444444,0.1424151407686184,0.7923050810844172,0.9930638297872341
3B,jump_human,17,36,0.4722222222222222,0.12737931533618005,0.7727842583591784,0.9906468085106384
3B,jump_human,18,36,0.5,0.1291524933053485,0.7772743754725424,0.9917021276595744
3B,jump_human,19,36,0.5277777777777778,0.11614315698053124,0.6595110247033591,0.9923829787234042
3B,jump_human,20,36,0.5555555555555556,0.09239523775059708,0.5924061472943574,0.9935914893617022
3B,jump_human,21,36,0.5833333333333334,0.11370956068611131,0.699262448116774,0.9925617021276596
3B,jump_human,22,36,0.6111111111111112,0.1465223999421003,0.6535261306300051,0.9928000000000001
3B,jump_human,23,36,0.6388888888888888,0.14528298472895707,0.6165926028792297,0.992927659574468
3B,jump_human,24,36,0.6666666666666666,0.1408862271115293,0.603604437655264,0.9936085106382979
3B,jump_human,25,36,0.6944444444444444,0.19922016356662084,0.5860007869277415,0.9932085106382978
3B,jump_human,26,36,0.7222222222222222,0.15777665195049573,0.6249093490101684,0.9940936170212766
3B,jump_human,27,36,0.75,0.14690236664977926,0.7524302180252743,0.9942893617021276
3B,jump_human,28,36,0.7777777777777778,0.16237243974813637,0.7525382277152864,0.9934978723404255
3B,jump_human,29,36,0.8055555555555556,0.15576825649562134,0.7902528969741858,0.9920340425531915
3B,jump_human,30,36,0.8333333333333334,0.17091264384453933,0.6570673054668335,0.9906297872340426
3B,jump_human,31,36,0.8611111111111112,0.2132608380979952,0.5813216528568563,0.9930553191489362
3B,jump_human,32,36,0.8888888888888888,0.16890424838966495,0.6802180252742674,0.9931234042553192
3B,jump_human,33,36,0.9166666666666666,0.18121697908373743,0.6970386057492015,0.9899234042553191
3B,jump_human,34,36,0.9444444444444444,0.2579159730766447,0.7748730886142356,0.9933617021276595
3B,jump_human,35,36,0.9722222222222222,0.23225012665556924,0.6812306161181317,0.9897872340425531
3B,jump_human,36,36,1.0,0.27477021061011797,0.6495972781558117,0.9880595744680851
