layer,gap_h7_jump,gap_h5_jump,participation_ratio,aa_margin,aa_acc
0,-2.8760517835617065,-0.4545332193374634,13.351070088031381,0.12457775226626204,1.0
1,-5.895828723907471,-3.7746074199676514,14.99969741366174,0.1250880804221511,1.0
2,-5.74650764465332,-1.4845852851867676,56.58877575391176,0.12481288770729258,1.0
3,1.2216684818267822,-1.3596529960632324,89.09057900073472,0.12401312341216167,1.0
4,-3.2044681906700134,0.19977575540542603,103.94813856111021,0.12317839125996738,1.0
5,-6.91686749458313,0.1766623854637146,95.31872477250363,0.12254166249887069,1.0
6,-3.914731204509735,2.7205984592437744,101.40595956080614,0.12197836423759464,1.0
7,-11.825236797332764,0.4072805345058441,89.55005333279493,0.1213842024284069,1.0
8,-7.092755556106567,0.9226771891117096,67.7410486535667,0.12104455501711725,1.0
9,-10.496343851089478,2.194133162498474,61.98447123001077,0.1206050462210498,1.0
10,-2.004225581884384,-3.7880508303642273,56.9876997278897,0.12008298003948552,1.0
11,-4.144883453845978,9.027523040771484,56.762770467560685,0.11943541380213862,1.0
12,-2.3539626598358154,-4.95898163318634,35.28836453303557,0.11871930019167505,1.0
13,8.583318710327148,-8.029592514038086,25.92148174537861,0.11931009397463452,1.0
14,5.027765512466431,-12.326833009719849,22.608925239077507,0.11838345094800588,1.0
15,3.9667141437530518,-5.986028671264648,19.503567698713454,0.11716716749763607,1.0
16,-3.853031873703003,-4.082310855388641,17.152618550140513,0.11628186384900045,0.9999305507326898
17,10.393067359924316,-3.7399673461914062,16.51077523299734,0.11583702792368643,1.0
18,5.576467037200928,-7.187854766845703,16.955482963789873,0.11540669621378531,1.0
19,3.4283125400543213,-3.5014171600341797,17.1666005175315,0.11502824780740338,0.9997222029307591
20,4.623815536499023,-3.7722814083099365,18.961527073206287,0.11465369000272324,0.9997916521980693
21,1.470962405204773,-5.975214123725891,20.020831647855925,0.11543868788485742,0.9997916521980693
22,7.107294797897339,-15.315643310546875,21.19996789352421,0.11475956327019834,0.9997916521980693
23,-0.1662117838859558,-5.155226707458496,22.90385047123652,0.1148783099599598,0.9999305507326898
24,-0.9370886236429214,-0.8054737150669098,26.63331752902989,0.1156918329450533,1.0
25,2.414978861808777,2.322145700454712,29.52799074458332,0.11817650139774472,0.9999305507326898
26,0.6581122875213623,1.7224419116973877,35.34884974326881,0.1213599811740178,1.0
27,-8.36006784439087,-1.292621910572052,42.103320526926886,0.12299748043728796,1.0
28,-12.144133567810059,7.890046119689941,48.855233868865554,0.12417413508272052,1.0
29,-11.459886074066162,4.495125770568848,53.43216504671312,0.12420529790702588,1.0
30,-11.702147722244263,8.94285774230957,47.59974590770982,0.12382735158536957,1.0
