aln_col,h3,region,d_pos_H7,d_pos_H10,in_shared_core
14,,other,-77.53769063707415,-35.658446239375905,0
15,,other,188.975911649594,50.08404358534622,0
16,,other,-118.36850691045734,-6.4145550718913,0
17,,other,148.76432989297723,-52.40754818538818,0
18,,other,-99.67583815740367,-28.94807469531736,0
19,,other,-22.86528323502381,-62.08748073553403,0
20,,other,-63.75727004873869,0.6528322353872795,0
21,,other,15.11732410838374,-529.4249410679374,0
22,,other,399.3298377058573,-66.43940924527789,0
23,,other,58.059265502622594,208.6290942004433,0
24,,other,251.48533271180625,229.1118911563677,0
25,,other,-102.97340837520662,-63.79697741732677,0
26,,other,-170.4663207368605,-25.880992662598032,0
27,,other,122.08313369126,177.4916999537869,0
28,,other,73.67673805298502,105.1641483041134,0
29,,other,279.56094655594814,583.7368918476465,0
30,HA1_1,other,-99.01001480834412,-250.1432623488316,0
31,HA1_2,other,-375.034025948852,63.40776736136294,0
32,HA1_3,other,149.08126106203636,-95.0421958697732,0
34,HA1_5,other,368.1822261747281,377.6447150484581,0
35,HA1_6,other,39.48153814488268,-600.9909760794978,0
36,HA1_7,other,-653.3964778692932,-237.71189106484027,1
37,HA1_8,other,81.7397217347031,360.4368455203023,1
38,HA1_9,other,-53.91645673913774,-590.2221779993397,1
39,HA1_10,other,518.495131677831,185.9976976844056,0
40,HA1_11,other,157.88424548840118,384.6399468399786,0
41,HA1_12,other,-144.5256471762994,-211.0346349455447,0
42,HA1_13,other,-7.307882905396326,-110.08679843360817,0
43,HA1_14,other,28.46376777901105,-72.47305525801337,0
44,HA1_15,other,74.28081563594974,-77.02171199429367,0
45,HA1_16,other,170.9249623583151,201.9502232156892,0
46,HA1_17,other,205.5765429427379,155.002838204276,0
47,HA1_18,other,-150.24656517081087,-47.71718141201021,0
48,HA1_19,other,-174.00782187955156,-74.33254455767255,0
49,HA1_20,other,-223.82610030373831,-135.99679419100931,1
50,HA1_21,other,259.7240995210972,135.58052310694487,1
61,HA1_22,other,-148.67707249289506,-203.6586261622022,0
62,HA1_23,other,-562.5650858369623,-752.8027036169136,1
63,HA1_24,other,-6.6006989424300855,-151.1542077574747,0
64,HA1_25,other,-132.101559518178,-234.97637982744152,0
65,HA1_26,other,-98.41727617235756,-96.02015950115718,0
66,HA1_27,other,-225.24798642305032,-580.620874880601,0
67,HA1_28,other,-116.42545817466988,18.809537878912977,0
68,HA1_29,other,-239.1524781224455,-15.32085640440927,0
69,HA1_30,other,-175.40653987936298,193.7249360101624,0
70,HA1_31,other,-248.09413280932773,219.72508072284973,0
76,HA1_32,other,-434.3002625347512,-83.68878708262815,0
77,HA1_33,other,-899.5769998063198,180.13277967285433,0
78,HA1_34,other,-102.63104455845829,-213.82372243757476,0
79,HA1_35,other,-383.45284666044194,-111.05790402225254,0
80,HA1_36,other,-38.303296885284766,320.7399092017258,0
81,HA1_37,other,-408.1663398973759,14.942696772699804,0
82,HA1_38,other,250.33038814024337,184.75469543262017,0
83,HA1_39,other,-156.99756443988176,103.17944507077942,0
84,HA1_40,other,75.47378189418106,7.701543676525972,0
85,HA1_41,other,-602.2858528380448,-493.10278058307097,0
86,HA1_42,other,124.79707119241785,245.60674325778572,0
87,HA1_43,other,-386.8286116767532,-176.77537977428065,0
88,HA1_44,antigenic_site,-498.2080207762622,-370.0582289658635,0
89,HA1_45,antigenic_site,-713.9539402159446,-206.29329810593316,0
90,HA1_46,other,-115.26214638164764,-375.99602078058047,0
91,HA1_47,other,97.2710557132701,-26.266616375581435,0
92,HA1_48,antigenic_site,-359.47731903919623,-349.3007825403614,0
93,HA1_49,antigenic_site,248.9906753473765,892.2654724354375,0
94,HA1_50,antigenic_site,-290.08923313526964,-103.51892008982664,0
95,HA1_51,antigenic_site,-9.574560906072506,-152.33183966351328,0
96,HA1_52,other,95.32439138883308,154.02251493247414,0
97,HA1_53,antigenic_site,115.26752206092044,-98.53308702498396,0
99,HA1_54,antigenic_site,446.3367608225283,311.4195345821051,0
100,HA1_55,other,57.47815814024875,590.0425350554348,0
101,HA1_56,other,187.53299751532165,-59.26508294967306,0
102,HA1_57,antigenic_site,-513.9211840780501,148.09701081987393,0
103,HA1_58,other,242.0877094724588,123.20634979978205,0
104,HA1_59,other,-339.53410615538814,64.89556324644592,0
105,HA1_60,other,189.166594933776,163.26591729757234,0
106,HA1_61,other,-178.70355127658604,-142.84346901117857,0
107,HA1_62,antigenic_site,-50.405465545515824,-170.40148923760222,0
108,HA1_63,antigenic_site,114.25270211388565,-221.09514766197915,0
109,HA1_64,other,25.504624285422807,-36.59602288574044,0
110,HA1_65,other,-586.6260432902202,-268.40851835153427,0
111,HA1_66,other,141.8800998341967,-64.18672204962716,0
112,HA1_67,antigenic_site,51.505978888652265,-132.00395016240236,0
113,HA1_68,other,-223.26933888483768,79.50751472543516,0
114,HA1_69,other,523.7307905931935,101.30791738452274,0
116,HA1_70,other,-15.81382092718789,66.9047442288458,0
117,HA1_71,other,132.62027304974566,-77.08438357342462,0
118,HA1_72,other,-223.9674668722513,-99.2368171226684,0
119,HA1_73,other,-423.0409854257349,-123.0215959272746,0
120,HA1_74,other,106.00367279002162,-41.610283427068055,0
121,HA1_75,antigenic_site,548.6418802651451,211.23095278883375,0
122,HA1_76,other,-31.982729290513248,22.89324661013072,0
123,HA1_77,other,408.5806990466908,222.98504736868864,0
124,HA1_78,antigenic_site,311.8046048083313,-132.91398027846165,0
125,HA1_79,other,-241.57634652766237,-184.3683500889101,0
126,HA1_80,antigenic_site,-412.4540848230508,-480.8875862107189,0
127,HA1_81,antigenic_site,-469.47269240710153,-20.596712081860176,0
129,HA1_82,antigenic_site,-470.2108983949312,-738.6126400246148,0
130,HA1_83,antigenic_site,-68.24289082197384,-21.887042169588845,0
131,HA1_84,other,325.0388910764996,56.57881853322394,0
132,HA1_85,other,88.99375056311415,71.787766559432,0
133,HA1_86,other,95.40496745047524,281.7146459778186,0
134,HA1_87,other,5.018660480225066,-65.48743044743559,0
135,HA1_88,other,-41.63554892056446,182.0989823998646,0
136,HA1_89,antigenic_site,-220.7138870264849,-52.98291383462359,0
137,HA1_90,antigenic_site,-415.5730268105802,-472.8720867928412,0
138,HA1_91,antigenic_site,-741.6791859472032,36.46033228292646,0
139,HA1_92,antigenic_site,-378.2348327258433,-174.79846558857966,0
140,HA1_93,other,-921.3391889507384,-192.3356758887041,1
213,HA1_94,antigenic_site,34.958112463396674,-304.33826319688546,0
214,HA1_95,other,732.0085299551288,503.0908746480818,0
215,HA1_96,antigenic_site,-243.5352904509872,-410.1820188719,0
216,HA1_97,other,-191.340486331738,-30.86896543215022,0
217,HA1_98,other,38.10808546861946,-53.26003606782791,0
218,HA1_99,other,66.17988102351995,-46.94949720814918,0
219,HA1_100,other,-132.4806865104644,-263.0142037158254,0
220,HA1_101,other,-98.79134828100092,-19.486269743309805,0
230,HA1_102,antigenic_site,103.4946987320248,423.11401321170274,0
231,HA1_103,other,81.89236337910856,211.6184221311988,0
232,HA1_104,antigenic_site,40.79915252420474,127.68502793278716,0
233,HA1_105,other,132.97919889930034,125.96682593165764,0
234,HA1_106,other,-1.496169643647022,-132.1250117986812,0
235,HA1_107,other,321.1348212567945,483.0208153411268,0
236,HA1_108,other,16.143982382752142,85.17122060508942,0
237,HA1_109,antigenic_site,-90.24778109510623,-86.1856455342874,0
238,HA1_110,other,456.8422538385042,594.8762076348997,0
239,HA1_111,other,-386.0595014549829,-228.01148177292964,0
240,HA1_112,other,-33.07498036484557,-175.9879784790989,0
241,HA1_113,other,-392.2185818684681,-175.56033872171105,0
242,HA1_114,antigenic_site,-477.6988955473101,-319.86309053189353,0
243,HA1_115,other,-5.466343666014211,-5.522627292982406,0
244,HA1_116,other,-810.9967035414496,-833.201198995197,1
245,HA1_117,other,-891.93942183302,-966.2771778218382,1
246,HA1_118,other,195.05139584431888,288.72559994479445,0
247,HA1_119,other,520.8417597132157,638.3829762627108,0
248,HA1_120,other,502.347748078334,447.9324196199873,0
249,HA1_121,antigenic_site,114.33254175856078,155.35414434716537,0
250,HA1_122,antigenic_site,379.575775154505,330.3893800384067,0
254,HA1_123,other,-302.8935379542222,41.381163614333445,0
255,HA1_124,antigenic_site,-867.7780882527932,-819.7802902161012,1
256,HA1_125,other,-385.53178420578735,-329.4533942591505,0
257,HA1_126,antigenic_site,-174.35801834161367,-136.62118602928425,0
258,HA1_127,other,-81.19706914292301,-29.6912833928772,0
260,HA1_129,antigenic_site,-1018.3715655565765,-730.1688533958836,1
261,HA1_130,other,-143.32160928107368,65.30903307796748,0
262,HA1_131,antigenic_site,-555.9498233002382,-161.84550064579136,0
263,HA1_132,antigenic_site,-151.09339631623442,-318.8157372754646,0
264,HA1_133,antigenic_site,-188.04396810228425,-180.62246245141665,0
265,,other,-58.703626933247534,-51.57204992886531,0
275,HA1_134,RBS_130loop,-73.14709688118774,-117.30947065077214,0
277,HA1_135,RBS_130loop,190.98525029026143,129.51743884747427,0
278,HA1_136,RBS_130loop,-42.14968904585294,-136.5485892769842,0
280,HA1_137,RBS_130loop,55.42990025318812,126.10980434942545,0
281,HA1_138,RBS_130loop,-5.3434350734430325,-61.88460588936023,0
282,HA1_139,other,-100.64600716797293,11.5021471498859,0
283,HA1_140,antigenic_site,-303.3546067347087,-4.066378498548886,0
285,HA1_141,other,-590.671433530187,-258.77112125001804,0
286,HA1_142,antigenic_site,-269.34413632631487,38.05856842675182,0
288,HA1_143,antigenic_site,122.69095051753236,-106.53986470591406,0
289,HA1_144,antigenic_site,-300.1410346963418,-705.1078243703337,0
290,HA1_145,antigenic_site,33.45050258099181,159.84516373423995,0
291,HA1_146,antigenic_site,62.42104370310676,-15.023471506334973,0
292,HA1_147,antigenic_site,-171.26939563426885,-119.71226868374146,0
293,HA1_148,other,-293.1898410891352,-178.78875862213664,0
294,HA1_149,other,-143.27735156453676,-40.99305437702898,0
295,HA1_150,other,-207.6424265424049,-165.96595112456464,0
296,HA1_151,other,-249.74150844682623,-38.9157768279496,0
297,HA1_152,other,-103.75201277640244,-76.2344172239557,0
298,HA1_153,other,-59.150675970324016,-14.104700392467125,0
299,HA1_154,other,-150.0093692363721,-134.3311201373599,0
300,HA1_155,antigenic_site,-73.28642441689831,-127.50211589112205,0
301,HA1_156,antigenic_site,-68.10139824285763,-149.5839049151511,0
302,HA1_157,antigenic_site,70.71282491095349,-86.92262341512324,0
303,,other,146.8967041526676,271.6616228429683,0
304,,other,161.38954898323246,9.016408007776846,0
306,HA1_158,antigenic_site,547.4257389938757,-142.24526107851915,0
308,HA1_159,antigenic_site,-171.16197258570924,176.64137263995298,0
309,HA1_160,antigenic_site,-23.37654590899507,167.2057332907434,0
310,HA1_161,other,-15.107550149531448,-101.85614714086331,0
508,HA1_162,other,-100.58188666463433,71.67459810496433,0
509,HA1_163,antigenic_site,189.9230188558249,268.0641461078167,0
510,HA1_164,antigenic_site,-103.26280526260582,196.67017732782747,0
511,HA1_165,antigenic_site,-68.11806972993935,-54.76429022347526,0
512,HA1_166,other,-295.5013574693432,232.9267921641557,0
513,HA1_167,other,-255.06074111421896,-138.055832414782,0
514,HA1_168,other,-33.53509444304498,-87.90078124427728,0
515,HA1_169,other,43.91228387372922,-342.1220116138803,0
516,HA1_170,other,-236.3340723794333,-101.04865718525964,0
517,HA1_171,other,-209.0885595712095,-38.81147550497644,0
518,HA1_172,antigenic_site,-340.70295791136493,-33.202209961842584,0
519,HA1_173,antigenic_site,1034.831729371209,991.3161406468356,0
520,HA1_174,antigenic_site,186.18068005439076,64.83864818060476,0
521,HA1_175,antigenic_site,-4.334701126910858,-172.96464109392474,0
522,HA1_176,antigenic_site,183.65865822516037,23.815929804510134,0
523,HA1_177,antigenic_site,-118.7839931210758,-84.85639977197948,0
524,HA1_178,other,-25.66195769950383,133.73663989625214,0
525,HA1_179,antigenic_site,-100.62070862068538,-179.28228841969866,0
526,HA1_180,other,-1.2203500616029146,41.2702358111049,0
527,HA1_181,other,77.079578395238,-44.602679892323295,0
528,HA1_182,antigenic_site,80.20843268512402,-28.63959443020633,0
529,HA1_183,other,49.80367733414085,-61.968614128456366,0
530,HA1_184,other,106.41249316767652,87.89587090802748,0
531,HA1_185,other,366.78073710393824,-30.46650181761225,0
532,HA1_186,RBS_190helix,51.83041965088688,397.8420830265967,0
533,HA1_187,antigenic_site,37.10445847652932,88.26093073476335,0
534,HA1_188,antigenic_site,68.10472276333877,160.49396839399765,0
535,HA1_189,antigenic_site,125.75256873572472,210.75834661677368,0
536,HA1_190,RBS_190helix,-178.40671435694335,-23.36748106837581,0
537,HA1_191,antigenic_site,-160.4271190801664,-312.6414118367201,0
538,HA1_192,antigenic_site,-104.08425458065965,210.2295260914203,0
539,HA1_193,RBS_190helix,-334.27951125636685,-31.71998872084839,0
540,HA1_194,RBS_190helix,-278.95446153378674,-26.419666317436047,0
541,HA1_195,antigenic_site,-10.079564898746357,60.03500417037532,0
542,HA1_196,antigenic_site,-798.1205278397688,-763.5113564415576,1
543,HA1_197,antigenic_site,-103.86136165240843,-154.57315211745498,0
544,HA1_198,antigenic_site,-436.5603476661357,197.08506571355505,0
545,HA1_199,antigenic_site,-56.4162981843898,-232.614953303738,0
546,HA1_200,other,-54.04043766020047,12.915378622517778,0
547,HA1_201,antigenic_site,8.4290260601197,205.5192371357255,0
548,HA1_202,antigenic_site,-154.12167403145304,-32.505164880383006,0
549,HA1_203,antigenic_site,165.6410105030565,62.54083667840321,0
550,HA1_204,antigenic_site,-45.12908098021149,-49.818360587315965,0
551,HA1_205,antigenic_site,-205.44738402977887,-38.07275103423791,0
552,HA1_206,antigenic_site,-273.2207474533058,-133.89315784007562,0
553,HA1_207,antigenic_site,-54.442542005098005,-153.19897622003347,0
554,HA1_208,antigenic_site,380.6019285162242,203.3307091035674,0
555,HA1_209,antigenic_site,-195.6909260732024,-390.1668541273582,0
556,HA1_210,other,47.84741902567163,159.60205741234284,0
557,HA1_211,other,138.8899774738433,366.1749732384144,0
558,HA1_212,antigenic_site,-81.4671321862094,142.38315043603487,0
559,HA1_213,antigenic_site,-48.21824339750849,-81.06965189203886,0
560,HA1_214,antigenic_site,-311.5685198245603,-389.1987345462605,0
561,HA1_215,antigenic_site,-287.0080454334517,-160.16639183976426,0
562,HA1_216,antigenic_site,54.23359065525267,-86.93293322485775,0
563,HA1_217,antigenic_site,-229.573287912718,-69.88819259611077,0
564,HA1_218,antigenic_site,-452.0270584458559,-600.6623880604906,0
565,HA1_219,antigenic_site,-67.52001126346485,-10.967703807061554,0
568,HA1_220,antigenic_site,-39.57665767615879,-108.017411831537,0
569,HA1_221,RBS_220loop,-122.21476834018006,-130.9559557237448,0
570,HA1_222,RBS_220loop,359.12779208242534,319.4571676549301,0
571,HA1_223,other,29.32487052041776,-7.357686116208899,0
572,HA1_224,RBS_220loop,622.0831272218345,489.5494961920508,0
573,HA1_225,RBS_220loop,-444.3679401103606,-509.7357572629518,0
574,HA1_226,RBS_220loop,-20.752795467565647,118.53706208118626,0
575,HA1_227,RBS_220loop,346.065448094343,207.12706120491876,0
576,HA1_228,RBS_220loop,-106.65562514889804,-50.50848011478388,0
577,HA1_229,antigenic_site,97.60561354440745,-13.337032688567549,0
578,HA1_230,antigenic_site,57.76693679947982,81.30000075636727,0
601,HA1_231,antigenic_site,32.99605829756675,69.1542423272463,0
602,HA1_232,other,-183.8755675106657,-173.86641932501013,0
603,HA1_233,other,80.1820212222077,109.25166955671038,0
604,HA1_234,other,-40.9831709440211,-181.18179438293288,0
605,HA1_235,other,-42.127960452760135,-44.02245241497522,0
606,HA1_236,other,-151.22501776583476,-145.56638633863363,0
607,HA1_237,other,95.76965629454114,-35.86931555818833,0
608,HA1_238,antigenic_site,375.6691753962336,291.22445436874307,0
609,HA1_239,other,-21.16227539496612,-45.64391114685333,0
610,HA1_240,antigenic_site,598.2044114863013,10.792268714344331,0
611,HA1_241,other,-98.56924874583017,-32.88115055998709,0
612,HA1_242,antigenic_site,-19.811746521647137,48.89950133556277,0
613,HA1_243,antigenic_site,14.781804699405484,66.7989224131627,0
614,HA1_244,antigenic_site,-36.01806330871608,-6.604415641333077,0
615,HA1_245,antigenic_site,-119.70921572554818,-84.3752882246186,0
616,HA1_246,antigenic_site,135.97102323358325,202.73526695513573,0
617,HA1_247,other,-229.5655414832185,-78.06591444739537,0
619,HA1_248,antigenic_site,116.07329011099944,244.68944665172504,0
620,HA1_249,other,93.60949578148563,140.60273859807958,0
621,HA1_250,other,-288.09732058150325,-748.6744693308561,0
622,HA1_251,other,-179.84722631428727,196.844569064416,0
623,HA1_252,other,-11.357936583278402,167.05623902417847,0
624,HA1_253,other,156.27357922524516,249.67545798191983,0
625,HA1_254,other,21.782701407257832,27.05605723131569,0
626,HA1_255,other,396.9709574043805,391.9527205705803,0
627,HA1_256,other,-36.064914901262256,101.50876175526474,0
628,HA1_257,other,63.69695311164711,10.679217225826733,0
629,HA1_258,other,502.5870265740402,555.4786327076969,0
630,HA1_259,other,-172.1200294216365,-23.672249571135005,0
631,HA1_260,other,264.5708421469532,160.91624886996047,0
642,HA1_261,other,-1.858893153904546,315.26313167997324,0
657,HA1_263,other,-691.5576975558006,-660.1481082848645,1
658,HA1_264,other,267.3845311992561,-41.53064031480761,0
659,HA1_265,other,81.31545408651814,-593.3897816284701,0
660,HA1_266,other,178.31037924796846,307.10329293594094,0
661,HA1_267,other,-89.94721162430477,-36.76863389467286,0
662,HA1_268,other,126.90885874333456,-34.3300457386984,0
663,HA1_269,other,776.3336781975116,595.8143842173711,0
664,HA1_270,other,203.61565696538463,-37.53400415660701,0
666,HA1_271,other,-579.6457233846141,-465.9894163440747,0
667,HA1_272,other,-424.9332224783328,-157.20890893726462,0
668,HA1_273,antigenic_site,523.7504454383809,143.8700599940289,0
669,HA1_274,other,-386.9139122704474,-202.5909681553742,0
670,HA1_275,antigenic_site,94.80673709842524,224.51888430130688,0
672,HA1_276,antigenic_site,119.63291628834754,-140.6617647507226,0
673,HA1_277,other,-44.417936622990254,49.75264219327636,0
674,HA1_278,antigenic_site,-189.97322729750385,-303.4590197435138,0
675,HA1_279,antigenic_site,-816.2186316256842,-246.5883978557472,0
676,HA1_280,other,-86.01990468055465,-154.7440782784903,0
677,HA1_281,other,-167.08845370571822,-150.36416411029427,0
699,HA1_282,other,-393.0946817738413,-560.5811315817974,1
700,HA1_283,other,-202.32131307275395,-406.4219318517808,0
701,HA1_284,other,312.02082454582217,152.1722025311197,0
702,HA1_285,other,-704.7402798914484,-686.0819435051135,1
703,HA1_286,other,-176.8550753449491,-59.63121495221219,0
704,HA1_287,other,-51.55767061010109,79.89465392343766,0
705,HA1_288,other,-174.4169313033841,-17.73435517156176,0
706,HA1_289,other,-227.78836213150743,145.3283963651859,0
707,HA1_290,antigenic_site,-180.67688087220827,-180.98094307027824,0
708,HA1_291,antigenic_site,-26.761637700344124,-180.6999953664044,0
709,HA1_292,other,-102.52617735981612,-70.14650877057544,0
710,HA1_293,other,-129.22764584091072,-7.028514662000362,0
711,HA1_294,antigenic_site,47.76281732565855,73.66131574677456,0
712,HA1_295,antigenic_site,66.00070235690117,-6.691220656624068,0
713,HA1_296,other,-27.104558988148284,-98.25214557154024,0
714,HA1_297,antigenic_site,185.1350848591345,275.4354550953966,0
715,HA1_298,other,152.85142377162933,118.32169913584738,0
716,HA1_299,other,326.9035897488936,-31.780948100970704,0
717,HA1_300,other,-187.59700880964576,-335.9129612925386,0
718,HA1_301,other,-140.53842053166358,58.274192805362006,0
719,HA1_302,other,20.713054506814014,112.45859235027588,0
720,HA1_303,other,-5.092016235725623,129.42018777544388,0
721,HA1_304,other,31.535113768702644,484.8338851589632,0
722,HA1_305,antigenic_site,-55.23462903869665,77.61485095933085,0
723,HA1_306,other,8.651455245221882,11.598100100814634,0
724,HA1_307,antigenic_site,-400.4827472420105,96.99640610950486,0
725,HA1_308,antigenic_site,-29.1574258004743,121.37349056493446,0
726,HA1_309,other,-55.00814367587219,134.74998390557542,0
727,HA1_310,antigenic_site,7.375030412661999,302.4672944336713,0
728,HA1_311,antigenic_site,114.5947611513579,-133.00614307993726,0
740,HA1_312,antigenic_site,-426.464104479692,-319.6880457226771,1
741,HA1_313,other,-19.840050908431408,125.67764311188812,0
742,HA1_314,other,-145.47344001340824,-92.3200044683685,0
743,HA1_315,other,219.00334136263103,383.2261506959932,0
744,HA1_316,other,82.92331301156162,232.59593031917015,0
745,HA1_317,other,-7.238136322549295,26.357744822029684,0
746,HA1_318,other,-91.8266547142071,-56.038425360192846,0
750,HA1_319,other,75.55663898106309,159.21164888948306,0
751,HA1_320,other,-261.53231917057315,-229.6290190942753,0
752,HA1_321,other,6.9455174140745015,-233.13588375531927,0
753,HA1_322,other,71.14140367562756,17.65050283728391,0
754,HA1_323,other,-116.8194446694324,-89.03407241221633,0
755,HA1_324,other,112.2454190604172,146.1606820239391,0
756,HA1_325,other,-419.8970324789325,-483.9096120604655,0
757,HA1_326,other,46.973108760706126,62.56869381538222,0
758,HA1_327,other,-280.23172367421114,-354.940465831022,0
759,HA1_328,other,-68.91207659913209,119.46957653221614,0
775,HA1_329,other,-16.043896637424723,-3.772405438015994,0
776,HA2_1,HA2_stem,-24.600712855339964,12.612544619297296,0
784,HA2_2,HA2_stem,-106.98294939267154,-25.758142517503188,0
785,HA2_3,HA2_stem,-13.3247641635092,43.15375945219864,0
786,HA2_4,HA2_stem,-160.514208153619,-151.3329663309837,0
787,HA2_5,HA2_stem,-67.56799536855402,-38.13798647630136,0
788,HA2_6,HA2_stem,26.317421834783204,67.21998992627357,0
789,HA2_7,HA2_stem,6.365949864760239,3.970382512430661,0
790,HA2_8,HA2_stem,-191.06321852501893,-182.2833436536939,0
791,HA2_9,HA2_stem,94.53617477092918,111.4816600207033,0
792,HA2_10,HA2_stem,-12.29886406895406,48.31592190746,0
793,HA2_11,HA2_stem,-95.97281585835734,-101.7204180050772,0
794,HA2_12,HA2_stem,361.63083878544114,382.9034776241917,0
795,HA2_13,HA2_stem,-102.91952126144857,-150.3450931904918,0
796,HA2_14,HA2_stem,121.42324400401569,87.0959559942707,0
797,HA2_15,HA2_stem,-387.9366064797582,-377.0209427040329,0
798,HA2_16,HA2_stem,-240.14770962231736,-249.1970469912044,0
799,HA2_17,HA2_stem,58.32189144128722,-88.57003200850696,0
802,HA2_18,HA2_stem,206.1375420645853,107.01628409942732,0
803,HA2_19,HA2_stem,-128.99137865593076,-75.65441151026874,0
804,HA2_20,HA2_stem,52.52188728529643,-3.731920295121995,0
813,HA2_21,HA2_stem,64.16511567681518,-27.503887258155345,0
814,HA2_22,HA2_stem,58.73655255352293,141.87699931020688,0
815,HA2_23,HA2_stem,-186.2725926974092,-132.78022688149582,0
816,HA2_24,HA2_stem,226.24670556785787,249.0497421099884,0
817,HA2_25,HA2_stem,-37.697114699536975,-57.23908603126881,0
818,HA2_26,HA2_stem,142.44127490062118,182.37507438893675,0
819,HA2_27,HA2_stem,201.90712602637808,244.20214911884392,0
820,HA2_28,HA2_stem,67.52004468193644,96.51728959132988,0
821,HA2_29,HA2_stem,343.93737635763154,391.6101431752911,0
822,HA2_30,HA2_stem,199.50314536615707,384.026229472146,0
823,HA2_31,HA2_stem,315.4970130164044,322.6551495400015,0
824,HA2_32,HA2_stem,-91.30995874233622,152.1826694368819,0
825,HA2_33,HA2_stem,66.99409372766189,72.79296380697792,0
826,HA2_34,HA2_stem,462.1437510521829,771.9925867271995,0
827,HA2_35,HA2_stem,88.07146857258533,146.6153162355455,0
828,HA2_36,HA2_stem,-58.72561687722572,-52.4569152382237,0
829,HA2_37,HA2_stem,50.99994358418371,90.59790371151922,0
830,HA2_38,HA2_stem,-89.58156065252805,-132.30950134266996,0
831,HA2_39,HA2_stem,-85.93150636396643,-124.44433602940065,0
832,HA2_40,HA2_stem,-49.27687275635179,-92.8860606178858,0
833,HA2_41,HA2_stem,44.96142474924341,31.33074558039836,0
834,HA2_42,HA2_stem,4.213980925125895,-13.170993140748749,0
835,HA2_43,HA2_stem,-185.2312897795329,-93.35503217783004,0
836,HA2_44,HA2_stem,-1.2584778846531035,-41.32445784612864,0
837,HA2_45,HA2_stem,112.35543503723868,75.36416754577337,0
838,HA2_46,HA2_stem,-74.45896967943543,-105.8398992642459,0
839,HA2_47,HA2_stem,331.1293941416381,303.3654694638337,0
840,HA2_48,HA2_stem,32.33716157118897,9.121385765016498,0
841,HA2_49,HA2_stem,-57.28688068725063,-16.704522063637512,0
842,HA2_50,HA2_stem,-370.2825556059945,-360.26275029575334,0
843,HA2_51,HA2_stem,-53.65942211988485,-40.93965208048675,0
844,HA2_52,HA2_stem,150.92943697306575,202.6852121606132,0
845,HA2_53,HA2_stem,-92.86985920324356,-117.09295641759422,0
846,HA2_54,HA2_stem,-394.4063771607149,-379.72059932198295,0
847,HA2_55,HA2_stem,130.85909352579267,147.37022845624278,0
848,HA2_56,HA2_stem,-85.91626450705064,18.401449593433423,0
849,HA2_57,HA2_stem,174.27932215406955,40.60938382930934,0
850,HA2_58,HA2_stem,-87.04539432373907,-167.60209027232304,0
851,HA2_59,HA2_stem,281.80122584399254,226.66427412985337,0
856,HA2_60,HA2_stem,66.07982328341956,68.64420187866625,0
857,HA2_61,HA2_stem,249.0382200137973,81.76141144189344,0
858,HA2_62,HA2_stem,-96.32241606967692,-639.4298842406102,0
859,HA2_63,HA2_stem,74.418519329796,57.77487775384686,0
860,HA2_64,HA2_stem,-302.75451029130994,-301.6717324499551,0
863,HA2_65,HA2_stem,-281.08790321343804,-105.55747024216168,0
864,HA2_66,HA2_stem,20.01008072102769,86.36649932843574,0
865,HA2_67,HA2_stem,343.9753693073028,94.49260486146764,0
866,HA2_68,HA2_stem,179.8800250844498,76.44656189262992,0
867,HA2_69,HA2_stem,-294.5096298276163,-177.20177242132203,0
868,HA2_70,HA2_stem,109.35603888941546,132.3298819526308,0
869,HA2_71,HA2_stem,168.97162545699877,16.629132362879318,0
871,HA2_72,HA2_stem,-146.1397702493536,-155.34630982489728,0
872,HA2_73,HA2_stem,-356.2348201220745,-255.74227384570787,0
873,HA2_74,HA2_stem,-142.7336250404324,-231.90723405281068,0
874,HA2_75,HA2_stem,103.77006772559288,-22.20636740274071,0
875,HA2_76,HA2_stem,437.68599396008375,460.22075230477424,0
876,HA2_77,HA2_stem,234.5658438966361,250.92228097533007,0
877,HA2_78,HA2_stem,-171.33501553353477,-71.26348144611126,0
878,HA2_79,HA2_stem,-89.00094291877934,-121.85037545866696,0
879,HA2_80,HA2_stem,-316.4521700992055,-326.69801388936105,0
880,HA2_81,HA2_stem,-383.7727237623841,-370.3580175278763,0
881,HA2_82,HA2_stem,180.58954434313372,129.2374149661481,0
882,HA2_83,HA2_stem,-477.225921027531,-392.6572276584014,1
883,HA2_84,HA2_stem,349.00755963954657,517.4537431559514,0
884,HA2_85,HA2_stem,-404.91755326594415,-186.3221041360564,0
885,HA2_86,HA2_stem,131.52269409854878,116.68538878506118,0
886,HA2_87,HA2_stem,232.0341168623248,203.7374733015008,0
887,HA2_88,HA2_stem,-53.23925309630681,-52.94264411573437,0
888,HA2_89,HA2_stem,377.6182160242384,345.3983117492048,0
889,HA2_90,HA2_stem,-424.3650403381741,-22.15734369387242,0
890,HA2_91,HA2_stem,174.2662703001231,171.75760451525605,0
891,HA2_92,HA2_stem,103.29820836085425,3.1017359697155484,0
892,HA2_93,HA2_stem,92.10115953208684,177.72112715313688,0
893,HA2_94,HA2_stem,27.046534994847093,57.17150586405239,0
894,HA2_95,HA2_stem,-326.98797161133297,-197.9391481017075,0
895,HA2_96,HA2_stem,309.2600729325908,351.6849399583865,0
896,HA2_97,HA2_stem,46.05201150312621,55.07147430560485,0
897,HA2_98,HA2_stem,10.409831619271928,8.619833498826551,0
898,HA2_99,HA2_stem,-95.14324904064554,-121.5858684325838,0
899,HA2_100,HA2_stem,198.98890443841145,160.40815308282777,0
900,HA2_101,HA2_stem,104.12491671905792,65.48892377405616,0
901,HA2_102,HA2_stem,-302.2533092525831,-316.2463678406009,0
902,HA2_103,HA2_stem,-4.411546786372355,-57.07912980988806,0
903,HA2_104,HA2_stem,119.58035263652566,100.8664686027995,0
904,HA2_105,HA2_stem,344.2969230720466,365.2670178258284,0
905,HA2_106,HA2_stem,-19.978862451551606,7.939471949055758,0
906,HA2_107,HA2_stem,163.8317875073925,137.68810170881872,0
907,HA2_108,HA2_stem,81.71543896086692,78.19446383057826,0
908,HA2_109,HA2_stem,-134.64881080004383,-225.4962474749131,0
909,HA2_110,HA2_stem,-62.658229913619145,-216.60884059221584,0
910,HA2_111,HA2_stem,-255.8533741352796,-113.76748792564536,0
911,HA2_112,HA2_stem,-3.695733029376712,-65.17590841294414,0
912,HA2_113,HA2_stem,-111.90751105852314,-101.51342482531676,0
913,HA2_114,HA2_stem,-472.2169317285699,-433.08922312153527,0
914,HA2_115,HA2_stem,32.5056094341258,29.85330582796473,0
915,HA2_116,HA2_stem,28.787629076946416,-227.52883190294511,0
916,HA2_117,HA2_stem,-188.8921201751355,15.4572594635938,0
917,HA2_118,HA2_stem,20.132503252136303,-34.14466915210568,0
918,HA2_119,HA2_stem,104.60364489023524,-71.1590193953097,0
919,HA2_120,HA2_stem,-203.25251690343688,-167.70913558420895,0
920,HA2_121,HA2_stem,-66.41120645383118,-419.4939674331455,0
921,HA2_122,HA2_stem,95.418350002098,-25.69196034528602,0
922,HA2_123,HA2_stem,210.6275234864877,-222.42672221876865,0
923,HA2_124,HA2_stem,-775.709990323333,-204.3896020955073,0
924,HA2_125,HA2_stem,120.9357232274036,13.283620961714549,0
925,HA2_126,HA2_stem,-39.61553669697071,-56.694928850466624,0
926,HA2_127,HA2_stem,-262.789289609074,-295.378451993119,0
927,HA2_128,HA2_stem,-278.894141622833,183.8292405019339,0
928,HA2_129,HA2_stem,143.254068598848,123.97131288976868,0
929,HA2_130,HA2_stem,-110.27047595920789,-82.18271276470928,0
930,HA2_131,HA2_stem,-207.1571527118763,-114.64337403425516,0
931,HA2_132,HA2_stem,-68.95066375604861,44.42364582276093,0
932,HA2_133,HA2_stem,172.02155800197502,302.6428731453889,0
933,HA2_134,HA2_stem,-112.6023034626288,-55.66032509107117,0
934,HA2_135,HA2_stem,-147.26433637710232,-133.02491691483016,0
935,HA2_136,HA2_stem,285.997187391608,322.7229633864265,0
936,HA2_137,HA2_stem,-9.058025974094392,40.05831169381503,0
937,HA2_138,HA2_stem,197.7921134626286,132.28258137929777,0
938,HA2_139,HA2_stem,123.579787871982,154.78422304485537,0
939,HA2_140,HA2_stem,43.55925829448188,70.2405264693156,0
940,HA2_141,HA2_stem,-3.734422949532643,-90.51665102337356,0
942,HA2_142,HA2_stem,14.78848404700485,-26.65708700315644,0
943,HA2_143,HA2_stem,64.08944025759595,51.69076327346067,0
944,HA2_144,HA2_stem,-14.570019294243052,-51.39077984563713,0
945,HA2_145,HA2_stem,-118.64619981239426,23.78406657552796,0
946,HA2_146,HA2_stem,11.04134790222588,-9.55749393744992,0
947,HA2_147,HA2_stem,66.10843178128809,41.80776793493376,0
948,HA2_148,HA2_stem,-39.75694853135985,30.239655515656978,0
949,HA2_149,HA2_stem,-148.09593479322186,-73.53350690001139,0
953,HA2_150,HA2_stem,298.2407020783289,10.737972332961874,0
954,HA2_151,HA2_stem,-51.98439123965196,15.974845613477116,0
955,HA2_152,HA2_stem,-168.06952512313242,-133.51178776032114,0
956,HA2_153,HA2_stem,-332.9898600738416,-371.1894268043698,0
957,HA2_154,HA2_stem,-80.51804412007536,-113.81845529353944,0
958,HA2_155,HA2_stem,801.7892237985035,824.5927031961068,0
959,HA2_156,HA2_stem,-178.41049495844447,-259.8407447367756,0
960,HA2_157,HA2_stem,9.560710685209235,-73.66615407593494,0
961,HA2_158,HA2_stem,170.49652909716383,159.1262006089044,0
962,HA2_159,HA2_stem,-208.6084732236345,-141.4996786213719,0
963,HA2_160,HA2_stem,-103.30262405554532,-132.1026647489278,0
964,HA2_161,HA2_stem,-177.4502810912169,12.639826519204576,0
965,HA2_162,HA2_stem,-137.1523210806161,-174.32433424068125,0
966,HA2_163,HA2_stem,-558.0775700190218,-552.1911578061124,0
967,HA2_164,HA2_stem,-540.6548406421902,-756.3740250066182,0
968,HA2_165,HA2_stem,-161.4673446078334,-196.90211221122428,0
969,HA2_166,HA2_stem,-221.237666823309,-63.70015080923292,0
970,HA2_167,HA2_stem,-237.1148979025924,-327.02031409335063,0
971,HA2_168,HA2_stem,225.41552067062537,-104.27323630531924,0
972,HA2_169,HA2_stem,-88.62981696643536,-53.05324358966311,0
973,HA2_170,HA2_stem,-126.96990122385984,-221.90168560408037,0
974,HA2_171,HA2_stem,-29.29690393996561,-15.253121744560788,0
975,HA2_172,HA2_stem,279.9706118607418,5.591674642663207,0
976,HA2_173,HA2_stem,-132.8033593984357,-129.84751394778002,0
977,HA2_174,HA2_stem,-206.7923633145473,-164.62723812060747,0
978,HA2_175,HA2_stem,319.2418239641521,353.8124548252767,0
979,HA2_176,HA2_stem,294.85135048083094,287.2977065539864,0
980,HA2_177,HA2_stem,1.7746065918636873,67.47695659132424,0
981,HA2_178,HA2_stem,-246.9526061930212,-127.15183001453282,0
982,HA2_179,HA2_stem,192.99239209619287,376.9579596027535,0
983,HA2_180,HA2_stem,90.6555319371086,177.77616527089344,0
987,HA2_181,HA2_stem,-314.9441058062086,-241.81337458788155,0
988,HA2_182,HA2_stem,84.92816967160911,123.4806309786486,0
989,HA2_183,HA2_stem,-70.97047494425317,-57.10276751391154,0
990,HA2_184,HA2_stem,114.70754324009296,162.25569444627703,0
991,HA2_185,HA2_stem,-160.0662416697914,-184.68050804740545,0
992,HA2_186,HA2_stem,-181.60044486867932,-203.0710933076724,0
993,HA2_187,HA2_stem,-3.0907025046391823,1.9245689332426537,0
994,HA2_188,HA2_stem,-55.71851622993224,-51.330607241611006,0
995,HA2_189,HA2_stem,107.2698879995324,44.57198345423369,0
996,HA2_190,HA2_stem,-15.41490278427446,28.62682852453884,0
997,HA2_191,HA2_stem,-184.25653466744677,-132.69039698757945,0
998,HA2_192,HA2_stem,-215.8529947007479,-215.7644266211877,0
999,HA2_193,HA2_stem,98.42330967594432,110.4635736684144,0
1000,HA2_194,HA2_stem,-22.901497315946017,35.248020184683355,0
1001,HA2_195,HA2_stem,-278.17573065534214,-243.75508806579512,0
1002,HA2_196,HA2_stem,-33.95851289120776,-1.3625587268596036,0
1003,HA2_197,HA2_stem,6.647096828336384,46.8960550496152,0
1004,HA2_198,HA2_stem,116.79861222984924,141.24098085657147,0
1005,HA2_199,HA2_stem,-26.53511214676694,5.323087852066884,0
1006,HA2_200,HA2_stem,36.60544725793684,16.600429748525457,0
1007,HA2_201,HA2_stem,-112.45787559326908,-127.0522556762949,0
1008,HA2_202,HA2_stem,-93.81858842537574,-218.97490907045687,0
1009,HA2_203,HA2_stem,205.07789467915023,156.61055297890587,0
1010,HA2_204,HA2_stem,-274.9661209956016,-310.3984230403332,0
1011,HA2_205,HA2_stem,185.6105107058356,82.0076906625207,0
1012,HA2_206,HA2_stem,-112.27584287749268,-134.16652799496777,0
1013,HA2_207,HA2_stem,-20.50525507034521,-14.060814417808132,0
1017,HA2_208,HA2_stem,22.544593681452117,31.015923956715937,0
1018,HA2_209,HA2_stem,136.99767462278152,107.38816451080716,0
1021,HA2_210,HA2_stem,177.33125635143978,221.3515361897676,0
1022,HA2_211,HA2_stem,13.263537714889685,151.9189909412228,0
1023,HA2_212,HA2_stem,-58.18232191404852,59.94192052136171,0
1024,HA2_213,HA2_stem,212.4176151921871,235.70287707798207,0
1025,HA2_214,HA2_stem,75.78893590991876,65.46357362723282,0
1026,HA2_215,HA2_stem,-39.15222147672271,-49.88391027349407,0
1027,HA2_216,HA2_stem,-446.7698292853327,-448.9934237324608,0
1028,HA2_217,HA2_stem,-63.14027462217882,-62.85735912808529,0
1029,HA2_218,HA2_stem,213.29091772673587,227.20237583711835,0
1030,HA2_219,HA2_stem,12.846230025817365,-27.98701397358485,0
1031,HA2_220,HA2_stem,-42.4741276383796,-70.04461138294735,0
1032,HA2_221,HA2_stem,-199.18696697594737,-220.8168174322093,0
