label,subtype,layer,isolate_auc,cluster_auc
jump,H10,0,0.6884801827943543,0.6111436950146627
jump,H10,1,0.7244328478741465,0.524633431085044
jump,H10,2,0.684887459807074,0.5017595307917888
jump,H10,3,0.5791087927390962,0.39501466275659824
jump,H10,4,0.6485023962084584,0.42815249266862165
jump,H10,5,0.4763399584982206,0.3973607038123167
jump,H10,6,0.6379446657071941,0.532258064516129
jump,H10,7,0.5376600033489689,0.5263929618768328
jump,H10,8,0.37089194912110757,0.43548387096774194
jump,H10,9,0.422792488983376,0.4343108504398827
jump,H10,10,0.3573455817985659,0.39970674486803515
jump,H10,11,0.4730884912047174,0.5469208211143695
jump,H10,12,0.4808525881382911,0.5407624633431085
jump,H10,13,0.6029394620877643,0.5539589442815249
jump,H10,14,0.5082823392759869,0.5243401759530791
jump,H10,15,0.6019199342075979,0.5782991202346042
jump,H10,16,0.700453806484706,0.5448680351906159
jump,H10,17,0.45477514217220905,0.45953079178885625
jump,H10,18,0.431862259875749,0.40351906158357775
jump,H10,19,0.5121527299395702,0.418475073313783
jump,H10,20,0.5847214950814669,0.4777126099706745
jump,H10,21,0.5261866053960791,0.40410557184750734
jump,H10,22,0.6035223522479424,0.43900293255131967
jump,H10,23,0.5444363664111134,0.44076246334310853
jump,H10,24,0.48341730484307543,0.3724340175953079
jump,H10,25,0.5128585569335314,0.4146627565982405
jump,H10,26,0.30554254356309096,0.31407624633431086
jump,H10,27,0.49220092965681544,0.47214076246334313
jump,H10,28,0.5885749289403905,0.4627565982404693
jump,H10,29,0.47102823943856026,0.3909090909090909
jump,H10,30,0.36187516824329624,0.3973607038123167
jump,H4,0,0.7752671957597531,0.6381766381766382
jump,H4,1,0.528034806485282,0.5263532763532763
jump,H4,2,0.34932984534336053,0.43675213675213675
jump,H4,3,0.6305186931532054,0.5891737891737892
jump,H4,4,0.404418410896097,0.5128205128205128
jump,H4,5,0.5925608793978837,0.65997150997151
jump,H4,6,0.4642490405549167,0.5158119658119658
jump,H4,7,0.47265003775887127,0.4957264957264957
jump,H4,8,0.473293083997513,0.5293447293447293
jump,H4,9,0.3783577563634449,0.4021367521367521
jump,H4,10,0.490270308505452,0.546011396011396
jump,H4,11,0.4170663266023808,0.49886039886039885
jump,H4,12,0.4985696240229214,0.5307692307692309
jump,H4,13,0.4470877440611666,0.47535612535612537
jump,H4,14,0.33259135175151733,0.48632478632478626
jump,H4,15,0.560009878797841,0.5776353276353277
jump,H4,16,0.6609978791531241,0.6438746438746439
jump,H4,17,0.7126160045366912,0.6556980056980056
jump,H4,18,0.49790447306982644,0.6027065527065527
jump,H4,19,0.4661042289533981,0.6264957264957265
jump,H4,20,0.6603266996415419,0.7411680911680912
jump,H4,21,0.6086740105226478,0.6528490028490029
jump,H4,22,0.6549813777828328,0.7094017094017094
jump,H4,23,0.5124232514266583,0.5931623931623932
jump,H4,24,0.5460364840321572,0.5914529914529915
jump,H4,25,0.6413853707784517,0.655128205128205
jump,H4,26,0.5820727952456377,0.5961538461538461
jump,H4,27,0.6503904295428303,0.7290598290598291
jump,H4,28,0.552695629737191,0.546011396011396
jump,H4,29,0.6926646911750344,0.6383190883190882
jump,H4,30,0.7074656060690704,0.7002849002849003
jump_human,H10,0,0.26897714688412366,0.39184952978056425
jump_human,H10,1,0.21337964361220177,0.3181818181818182
jump_human,H10,2,0.3307157958320749,0.4122257053291536
jump_human,H10,3,0.2530705728380147,0.3322884012539185
jump_human,H10,4,0.16477901943018222,0.22727272727272724
jump_human,H10,5,0.5269052652773583,0.5391849529780564
jump_human,H10,6,0.37091009765428373,0.47648902821316613
jump_human,H10,7,0.37332628611698376,0.4561128526645768
jump_human,H10,8,0.505235075002517,0.47335423197492166
jump_human,H10,9,0.30912111144669285,0.36363636363636365
jump_human,H10,10,0.547568710359408,0.6175548589341693
jump_human,H10,11,0.3399526829759388,0.41849529780564265
jump_human,H10,12,0.3014698479814759,0.36990595611285265
jump_human,H10,13,0.1266485452531964,0.2115987460815047
jump_human,H10,14,0.19311889660726866,0.31191222570532917
jump_human,H10,15,0.3909694956206584,0.5203761755485894
jump_human,H10,16,0.5103443068559348,0.6050156739811913
jump_human,H10,17,0.9283449109030504,0.9012539184952979
jump_human,H10,18,0.8936122017517367,0.8495297805642633
jump_human,H10,19,0.648545253196416,0.6974921630094044
jump_human,H10,20,0.6080740964461895,0.6677115987460815
jump_human,H10,21,0.8444830363435014,0.841692789968652
jump_human,H10,22,0.613107822410148,0.677115987460815
jump_human,H10,23,0.6473119903352462,0.6677115987460815
jump_human,H10,24,0.6552652773583005,0.6551724137931034
jump_human,H10,25,0.6152219873150105,0.670846394984326
jump_human,H10,26,0.8997785160575859,0.847962382445141
jump_human,H10,27,0.6855431390315111,0.6865203761755485
jump_human,H10,28,0.5448756669686903,0.5893416927899686
jump_human,H10,29,0.7854877680459076,0.7586206896551724
jump_human,H10,30,0.4744286721030907,0.44043887147335425
jump_human,H4,0,,
jump_human,H4,1,,
jump_human,H4,2,,
jump_human,H4,3,,
jump_human,H4,4,,
jump_human,H4,5,,
jump_human,H4,6,,
jump_human,H4,7,,
jump_human,H4,8,,
jump_human,H4,9,,
jump_human,H4,10,,
jump_human,H4,11,,
jump_human,H4,12,,
jump_human,H4,13,,
jump_human,H4,14,,
jump_human,H4,15,,
jump_human,H4,16,,
jump_human,H4,17,,
jump_human,H4,18,,
jump_human,H4,19,,
jump_human,H4,20,,
jump_human,H4,21,,
jump_human,H4,22,,
jump_human,H4,23,,
jump_human,H4,24,,
jump_human,H4,25,,
jump_human,H4,26,,
jump_human,H4,27,,
jump_human,H4,28,,
jump_human,H4,29,,
jump_human,H4,30,,
