aln_col,h3_num,chain,d_pos_H7,d_pos_H10,d_pos_mean,in_shared_core,region
0,,,,,,0,other
1,,,,,,0,other
2,,,,,,0,other
3,,,,,,0,other
4,,,,,,0,other
5,,,,,,0,other
6,,,,,,0,other
7,,,,,,0,other
8,,,,,,0,other
9,,,,,,0,other
10,,,,,,0,other
11,,,,,,0,other
12,,,,,,0,other
13,,,,,,0,other
14,,,-77.53769063707415,-35.658446239375905,-56.59806843822503,0,other
15,,,188.975911649594,50.08404358534622,119.52997761747011,0,other
16,,,-118.36850691045734,-6.4145550718913,-62.39153099117432,0,other
17,,,148.76432989297723,-52.40754818538818,48.178390853794525,0,other
18,,,-99.67583815740367,-28.94807469531736,-64.31195642636052,0,other
19,,,-22.86528323502381,-62.08748073553403,-42.47638198527892,0,other
20,,,-63.75727004873869,0.6528322353872795,-31.552218906675705,0,other
21,,,15.11732410838374,-529.4249410679374,-257.15380847977684,0,other
22,,,399.3298377058573,-66.43940924527789,166.4452142302897,0,other
23,,,58.059265502622594,208.6290942004433,133.34417985153294,0,other
24,,,251.48533271180625,229.1118911563677,240.29861193408698,0,other
25,,,-102.97340837520662,-63.79697741732677,-83.38519289626669,0,other
26,,,-170.4663207368605,-25.880992662598032,-98.17365669972926,0,other
27,,,122.08313369126,177.4916999537869,149.78741682252345,0,other
28,,,73.67673805298502,105.1641483041134,89.4204431785492,0,other
29,,,279.56094655594814,583.7368918476465,431.6489192017973,0,other
30,1,HA1,-99.01001480834412,-250.1432623488316,-174.57663857858785,0,other
31,2,HA1,-375.034025948852,63.40776736136294,-155.8131292937445,0,other
32,3,HA1,149.08126106203636,-95.0421958697732,27.019532596131583,0,other
33,4,HA1,81.17637638393005,,81.17637638393005,0,other
34,5,HA1,368.1822261747281,377.6447150484581,372.9134706115931,0,other
35,6,HA1,39.48153814488268,-600.9909760794978,-280.75471896730755,0,other
36,7,HA1,-653.3964778692932,-237.71189106484027,-445.55418446706676,1,other
37,8,HA1,81.7397217347031,360.4368455203023,221.0882836275027,1,other
38,9,HA1,-53.91645673913774,-590.2221779993397,-322.0693173692387,1,other
39,10,HA1,518.495131677831,185.9976976844056,352.24641468111827,0,other
40,11,HA1,157.88424548840118,384.6399468399786,271.26209616418987,0,other
41,12,HA1,-144.5256471762994,-211.0346349455447,-177.78014106092206,0,other
42,13,HA1,-7.307882905396326,-110.08679843360817,-58.697340669502246,0,other
43,14,HA1,28.46376777901105,-72.47305525801337,-22.004643739501162,0,other
44,15,HA1,74.28081563594974,-77.02171199429367,-1.3704481791719658,0,other
45,16,HA1,170.9249623583151,201.9502232156892,186.43759278700213,0,other
46,17,HA1,205.5765429427379,155.002838204276,180.28969057350696,0,other
47,18,HA1,-150.24656517081087,-47.71718141201021,-98.98187329141054,0,other
48,19,HA1,-174.00782187955156,-74.33254455767255,-124.17018321861205,0,other
49,20,HA1,-223.82610030373831,-135.99679419100931,-179.91144724737381,1,other
50,21,HA1,259.7240995210972,135.58052310694487,197.652311314021,1,other
51,,,,,,0,other
52,,,,,,0,other
53,,,,,,0,other
54,,,,,,0,other
55,,,,,,0,other
56,,,,,,0,other
57,,,,,,0,other
58,,,,,,0,other
59,,,,,,0,other
60,,,,,,0,other
61,22,HA1,-148.67707249289506,-203.6586261622022,-176.16784932754865,0,other
62,23,HA1,-562.5650858369623,-752.8027036169136,-657.683894726938,1,other
63,24,HA1,-6.6006989424300855,-151.1542077574747,-78.87745334995239,0,other
64,25,HA1,-132.101559518178,-234.97637982744152,-183.53896967280974,0,other
65,26,HA1,-98.41727617235756,-96.02015950115718,-97.21871783675738,0,other
66,27,HA1,-225.24798642305032,-580.620874880601,-402.93443065182566,0,other
67,28,HA1,-116.42545817466988,18.809537878912977,-48.807960147878454,0,other
68,29,HA1,-239.1524781224455,-15.32085640440927,-127.23666726342739,0,other
69,30,HA1,-175.40653987936298,193.7249360101624,9.159198065399707,0,other
70,31,HA1,-248.09413280932773,219.72508072284973,-14.184526043239003,0,other
71,,,,,,0,other
72,,,,,,0,other
73,,,,,,0,other
74,,,,,,0,other
75,,,,,,0,other
76,32,HA1,-434.3002625347512,-83.68878708262815,-258.9945248086897,0,other
77,33,HA1,-899.5769998063198,180.13277967285433,-359.72211006673274,0,other
78,34,HA1,-102.63104455845829,-213.82372243757476,-158.22738349801654,0,other
79,35,HA1,-383.45284666044194,-111.05790402225254,-247.25537534134725,0,other
80,36,HA1,-38.303296885284766,320.7399092017258,141.2183061582205,0,other
81,37,HA1,-408.1663398973759,14.942696772699804,-196.61182156233804,0,other
82,38,HA1,250.33038814024337,184.75469543262017,217.54254178643177,0,other
83,39,HA1,-156.99756443988176,103.17944507077942,-26.909059684551167,0,other
84,40,HA1,75.47378189418106,7.701543676525972,41.587662785353515,0,other
85,41,HA1,-602.2858528380448,-493.10278058307097,-547.6943167105578,0,other
86,42,HA1,124.79707119241785,245.60674325778572,185.2019072251018,0,other
87,43,HA1,-386.8286116767532,-176.77537977428065,-281.8019957255169,0,other
88,44,HA1,-498.2080207762622,-370.0582289658635,-434.1331248710628,0,antigenic_site
89,45,HA1,-713.9539402159446,-206.29329810593316,-460.1236191609389,0,antigenic_site
90,46,HA1,-115.26214638164764,-375.99602078058047,-245.62908358111406,0,other
91,47,HA1,97.2710557132701,-26.266616375581435,35.50221966884433,0,other
92,48,HA1,-359.47731903919623,-349.3007825403614,-354.3890507897788,0,antigenic_site
93,49,HA1,248.9906753473765,892.2654724354375,570.628073891407,0,antigenic_site
94,50,HA1,-290.08923313526964,-103.51892008982664,-196.80407661254813,0,antigenic_site
95,51,HA1,-9.574560906072506,-152.33183966351328,-80.9532002847929,0,antigenic_site
96,52,HA1,95.32439138883308,154.02251493247414,124.67345316065361,0,other
97,53,HA1,115.26752206092044,-98.53308702498396,8.367217517968243,0,antigenic_site
98,,,,,,0,other
99,54,HA1,446.3367608225283,311.4195345821051,378.8781477023167,0,antigenic_site
100,55,HA1,57.47815814024875,590.0425350554348,323.76034659784176,0,other
101,56,HA1,187.53299751532165,-59.26508294967306,64.1339572828243,0,other
102,57,HA1,-513.9211840780501,148.09701081987393,-182.9120866290881,0,antigenic_site
103,58,HA1,242.0877094724588,123.20634979978205,182.64702963612044,0,other
104,59,HA1,-339.53410615538814,64.89556324644592,-137.3192714544711,0,other
105,60,HA1,189.166594933776,163.26591729757234,176.21625611567418,0,other
106,61,HA1,-178.70355127658604,-142.84346901117857,-160.7735101438823,0,other
107,62,HA1,-50.405465545515824,-170.40148923760222,-110.40347739155902,0,antigenic_site
108,63,HA1,114.25270211388565,-221.09514766197915,-53.421222774046754,0,antigenic_site
109,64,HA1,25.504624285422807,-36.59602288574044,-5.545699300158816,0,other
110,65,HA1,-586.6260432902202,-268.40851835153427,-427.5172808208772,0,other
111,66,HA1,141.8800998341967,-64.18672204962716,38.84668889228477,0,other
112,67,HA1,51.505978888652265,-132.00395016240236,-40.24898563687505,0,antigenic_site
113,68,HA1,-223.26933888483768,79.50751472543516,-71.88091207970126,0,other
114,69,HA1,523.7307905931935,101.30791738452274,312.51935398885814,0,other
115,,,,,,0,other
116,70,HA1,-15.81382092718789,66.9047442288458,25.545461650828955,0,other
117,71,HA1,132.62027304974566,-77.08438357342462,27.767944738160523,0,other
118,72,HA1,-223.9674668722513,-99.2368171226684,-161.60214199745985,0,other
119,73,HA1,-423.0409854257349,-123.0215959272746,-273.03129067650474,0,other
120,74,HA1,106.00367279002162,-41.610283427068055,32.196694681476785,0,other
121,75,HA1,548.6418802651451,211.23095278883375,379.93641652698943,0,antigenic_site
122,76,HA1,-31.982729290513248,22.89324661013072,-4.544741340191264,0,other
123,77,HA1,408.5806990466908,222.98504736868864,315.7828732076897,0,other
124,78,HA1,311.8046048083313,-132.91398027846165,89.44531226493483,0,antigenic_site
125,79,HA1,-241.57634652766237,-184.3683500889101,-212.97234830828623,0,other
126,80,HA1,-412.4540848230508,-480.8875862107189,-446.67083551688484,0,antigenic_site
127,81,HA1,-469.47269240710153,-20.596712081860176,-245.03470224448085,0,antigenic_site
128,,,,,,0,other
129,82,HA1,-470.2108983949312,-738.6126400246148,-604.411769209773,0,antigenic_site
130,83,HA1,-68.24289082197384,-21.887042169588845,-45.06496649578135,0,antigenic_site
131,84,HA1,325.0388910764996,56.57881853322394,190.80885480486177,0,other
132,85,HA1,88.99375056311415,71.787766559432,80.39075856127307,0,other
133,86,HA1,95.40496745047524,281.7146459778186,188.5598067141469,0,other
134,87,HA1,5.018660480225066,-65.48743044743559,-30.23438498360526,0,other
135,88,HA1,-41.63554892056446,182.0989823998646,70.23171673965007,0,other
136,89,HA1,-220.7138870264849,-52.98291383462359,-136.84840043055425,0,antigenic_site
137,90,HA1,-415.5730268105802,-472.8720867928412,-444.22255680171065,0,antigenic_site
138,91,HA1,-741.6791859472032,36.46033228292646,-352.6094268321384,0,antigenic_site
139,92,HA1,-378.2348327258433,-174.79846558857966,-276.5166491572115,0,antigenic_site
140,93,HA1,-921.3391889507384,-192.3356758887041,-556.8374324197213,1,other
141,,,,,,0,other
142,,,,,,0,other
143,,,,,,0,other
144,,,,,,0,other
145,,,,,,0,other
146,,,,,,0,other
147,,,,,,0,other
148,,,,,,0,other
149,,,,,,0,other
150,,,,,,0,other
151,,,,,,0,other
152,,,,,,0,other
153,,,,,,0,other
154,,,,,,0,other
155,,,,,,0,other
156,,,,,,0,other
157,,,,,,0,other
158,,,,,,0,other
159,,,,,,0,other
160,,,,,,0,other
161,,,,,,0,other
162,,,,,,0,other
163,,,,,,0,other
164,,,,,,0,other
165,,,,,,0,other
166,,,,,,0,other
167,,,,,,0,other
168,,,,,,0,other
169,,,,,,0,other
170,,,,,,0,other
171,,,,,,0,other
172,,,,,,0,other
173,,,,,,0,other
174,,,,,,0,other
175,,,,,,0,other
176,,,,,,0,other
177,,,,,,0,other
178,,,,,,0,other
179,,,,,,0,other
180,,,,,,0,other
181,,,,,,0,other
182,,,,,,0,other
183,,,,,,0,other
184,,,,,,0,other
185,,,,,,0,other
186,,,,,,0,other
187,,,,,,0,other
188,,,,,,0,other
189,,,,,,0,other
190,,,,,,0,other
191,,,,,,0,other
192,,,,,,0,other
193,,,,,,0,other
194,,,,,,0,other
195,,,,,,0,other
196,,,,,,0,other
197,,,,,,0,other
198,,,,,,0,other
199,,,,,,0,other
200,,,,,,0,other
201,,,,,,0,other
202,,,,,,0,other
203,,,,,,0,other
204,,,,,,0,other
205,,,,,,0,other
206,,,,,,0,other
207,,,,,,0,other
208,,,,,,0,other
209,,,,,,0,other
210,,,,,,0,other
211,,,,,,0,other
212,,,,,,0,other
213,94,HA1,34.958112463396674,-304.33826319688546,-134.6900753667444,0,antigenic_site
214,95,HA1,732.0085299551288,503.0908746480818,617.5497023016053,0,other
215,96,HA1,-243.5352904509872,-410.1820188719,-326.8586546614436,0,antigenic_site
216,97,HA1,-191.340486331738,-30.86896543215022,-111.1047258819441,0,other
217,98,HA1,38.10808546861946,-53.26003606782791,-7.575975299604227,0,other
218,99,HA1,66.17988102351995,-46.94949720814918,9.615191907685386,0,other
219,100,HA1,-132.4806865104644,-263.0142037158254,-197.7474451131449,0,other
220,101,HA1,-98.79134828100092,-19.486269743309805,-59.13880901215536,0,other
221,,,,,,0,other
222,,,,,,0,other
223,,,,,,0,other
224,,,,,,0,other
225,,,,,,0,other
226,,,,,,0,other
227,,,,,,0,other
228,,,,,,0,other
229,,,,,,0,other
230,102,HA1,103.4946987320248,423.11401321170274,263.30435597186374,0,antigenic_site
231,103,HA1,81.89236337910856,211.6184221311988,146.75539275515368,0,other
232,104,HA1,40.79915252420474,127.68502793278716,84.24209022849595,0,antigenic_site
233,105,HA1,132.97919889930034,125.96682593165764,129.473012415479,0,other
234,106,HA1,-1.496169643647022,-132.1250117986812,-66.8105907211641,0,other
235,107,HA1,321.1348212567945,483.0208153411268,402.07781829896066,0,other
236,108,HA1,16.143982382752142,85.17122060508942,50.65760149392078,0,other
237,109,HA1,-90.24778109510623,-86.1856455342874,-88.21671331469682,0,antigenic_site
238,110,HA1,456.8422538385042,594.8762076348997,525.859230736702,0,other
239,111,HA1,-386.0595014549829,-228.01148177292964,-307.0354916139563,0,other
240,112,HA1,-33.07498036484557,-175.9879784790989,-104.53147942197224,0,other
241,113,HA1,-392.2185818684681,-175.56033872171105,-283.8894602950896,0,other
242,114,HA1,-477.6988955473101,-319.86309053189353,-398.7809930396018,0,antigenic_site
243,115,HA1,-5.466343666014211,-5.522627292982406,-5.494485479498309,0,other
244,116,HA1,-810.9967035414496,-833.201198995197,-822.0989512683234,1,other
245,117,HA1,-891.93942183302,-966.2771778218382,-929.1082998274292,1,other
246,118,HA1,195.05139584431888,288.72559994479445,241.88849789455668,0,other
247,119,HA1,520.8417597132157,638.3829762627108,579.6123679879632,0,other
248,120,HA1,502.347748078334,447.9324196199873,475.14008384916065,0,other
249,121,HA1,114.33254175856078,155.35414434716537,134.84334305286308,0,antigenic_site
250,122,HA1,379.575775154505,330.3893800384067,354.9825775964558,0,antigenic_site
251,,,,,,0,other
252,,,,,,0,other
253,,,,,,0,other
254,123,HA1,-302.8935379542222,41.381163614333445,-130.75618716994438,0,other
255,124,HA1,-867.7780882527932,-819.7802902161012,-843.7791892344471,1,antigenic_site
256,125,HA1,-385.53178420578735,-329.4533942591505,-357.49258923246896,0,other
257,126,HA1,-174.35801834161367,-136.62118602928425,-155.48960218544897,0,antigenic_site
258,127,HA1,-81.19706914292301,-29.6912833928772,-55.444176267900104,0,other
259,128,HA1,96.6016405396953,,96.6016405396953,0,antigenic_site
260,129,HA1,-1018.3715655565765,-730.1688533958836,-874.2702094762301,1,antigenic_site
261,130,HA1,-143.32160928107368,65.30903307796748,-39.006288101553096,0,other
262,131,HA1,-555.9498233002382,-161.84550064579136,-358.8976619730148,0,antigenic_site
263,132,HA1,-151.09339631623442,-318.8157372754646,-234.9545667958495,0,antigenic_site
264,133,HA1,-188.04396810228425,-180.62246245141665,-184.33321527685047,0,antigenic_site
265,,,-58.703626933247534,-51.57204992886531,-55.13783843105642,0,other
266,,,,,,0,other
267,,,,,,0,other
268,,,,,,0,other
269,,,,,,0,other
270,,,,,,0,other
271,,,,,,0,other
272,,,,,,0,other
273,,,,,,0,other
274,,,,,,0,other
275,134,HA1,-73.14709688118774,-117.30947065077214,-95.22828376597994,0,RBS_130loop
276,,,,,,0,other
277,135,HA1,190.98525029026143,129.51743884747427,160.25134456886786,0,RBS_130loop
278,136,HA1,-42.14968904585294,-136.5485892769842,-89.34913916141856,0,RBS_130loop
279,,,,,,0,other
280,137,HA1,55.42990025318812,126.10980434942545,90.76985230130678,0,RBS_130loop
281,138,HA1,-5.3434350734430325,-61.88460588936023,-33.61402048140163,0,RBS_130loop
282,139,HA1,-100.64600716797293,11.5021471498859,-44.57193000904351,0,other
283,140,HA1,-303.3546067347087,-4.066378498548886,-153.71049261662878,0,antigenic_site
284,,,,,,0,other
285,141,HA1,-590.671433530187,-258.77112125001804,-424.7212773901025,0,other
286,142,HA1,-269.34413632631487,38.05856842675182,-115.64278394978152,0,antigenic_site
287,,,,,,0,other
288,143,HA1,122.69095051753236,-106.53986470591406,8.07554290580915,0,antigenic_site
289,144,HA1,-300.1410346963418,-705.1078243703337,-502.6244295333378,0,antigenic_site
290,145,HA1,33.45050258099181,159.84516373423995,96.64783315761588,0,antigenic_site
291,146,HA1,62.42104370310676,-15.023471506334973,23.698786098385895,0,antigenic_site
292,147,HA1,-171.26939563426885,-119.71226868374146,-145.49083215900515,0,antigenic_site
293,148,HA1,-293.1898410891352,-178.78875862213664,-235.98929985563592,0,other
294,149,HA1,-143.27735156453676,-40.99305437702898,-92.13520297078287,0,other
295,150,HA1,-207.6424265424049,-165.96595112456464,-186.80418883348477,0,other
296,151,HA1,-249.74150844682623,-38.9157768279496,-144.32864263738793,0,other
297,152,HA1,-103.75201277640244,-76.2344172239557,-89.99321500017908,0,other
298,153,HA1,-59.150675970324016,-14.104700392467125,-36.62768818139557,0,other
299,154,HA1,-150.0093692363721,-134.3311201373599,-142.170244686866,0,other
300,155,HA1,-73.28642441689831,-127.50211589112205,-100.39427015401017,0,antigenic_site
301,156,HA1,-68.10139824285763,-149.5839049151511,-108.84265157900435,0,antigenic_site
302,157,HA1,70.71282491095349,-86.92262341512324,-8.104899252084877,0,antigenic_site
303,,,146.8967041526676,271.6616228429683,209.27916349781796,0,other
304,,,161.38954898323246,9.016408007776846,85.20297849550465,0,other
305,,,,,,0,other
306,158,HA1,547.4257389938757,-142.24526107851915,202.59023895767828,0,antigenic_site
307,,,,,,0,other
308,159,HA1,-171.16197258570924,176.64137263995298,2.73970002712187,0,antigenic_site
309,160,HA1,-23.37654590899507,167.2057332907434,71.91459369087417,0,antigenic_site
310,161,HA1,-15.107550149531448,-101.85614714086331,-58.48184864519738,0,other
311,,,,,,0,other
312,,,,,,0,other
313,,,,,,0,other
314,,,,,,0,other
315,,,,,,0,other
316,,,,,,0,other
317,,,,,,0,other
318,,,,,,0,other
319,,,,,,0,other
320,,,,,,0,other
321,,,,,,0,other
322,,,,,,0,other
323,,,,,,0,other
324,,,,,,0,other
325,,,,,,0,other
326,,,,,,0,other
327,,,,,,0,other
328,,,,,,0,other
329,,,,,,0,other
330,,,,,,0,other
331,,,,,,0,other
332,,,,,,0,other
333,,,,,,0,other
334,,,,,,0,other
335,,,,,,0,other
336,,,,,,0,other
337,,,,,,0,other
338,,,,,,0,other
339,,,,,,0,other
340,,,,,,0,other
341,,,,,,0,other
342,,,,,,0,other
343,,,,,,0,other
344,,,,,,0,other
345,,,,,,0,other
346,,,,,,0,other
347,,,,,,0,other
348,,,,,,0,other
349,,,,,,0,other
350,,,,,,0,other
351,,,,,,0,other
352,,,,,,0,other
353,,,,,,0,other
354,,,,,,0,other
355,,,,,,0,other
356,,,,,,0,other
357,,,,,,0,other
358,,,,,,0,other
359,,,,,,0,other
360,,,,,,0,other
361,,,,,,0,other
362,,,,,,0,other
363,,,,,,0,other
364,,,,,,0,other
365,,,,,,0,other
366,,,,,,0,other
367,,,,,,0,other
368,,,,,,0,other
369,,,,,,0,other
370,,,,,,0,other
371,,,,,,0,other
372,,,,,,0,other
373,,,,,,0,other
374,,,,,,0,other
375,,,,,,0,other
376,,,,,,0,other
377,,,,,,0,other
378,,,,,,0,other
379,,,,,,0,other
380,,,,,,0,other
381,,,,,,0,other
382,,,,,,0,other
383,,,,,,0,other
384,,,,,,0,other
385,,,,,,0,other
386,,,,,,0,other
387,,,,,,0,other
388,,,,,,0,other
389,,,,,,0,other
390,,,,,,0,other
391,,,,,,0,other
392,,,,,,0,other
393,,,,,,0,other
394,,,,,,0,other
395,,,,,,0,other
396,,,,,,0,other
397,,,,,,0,other
398,,,,,,0,other
399,,,,,,0,other
400,,,,,,0,other
401,,,,,,0,other
402,,,,,,0,other
403,,,,,,0,other
404,,,,,,0,other
405,,,,,,0,other
406,,,,,,0,other
407,,,,,,0,other
408,,,,,,0,other
409,,,,,,0,other
410,,,,,,0,other
411,,,,,,0,other
412,,,,,,0,other
413,,,,,,0,other
414,,,,,,0,other
415,,,,,,0,other
416,,,,,,0,other
417,,,,,,0,other
418,,,,,,0,other
419,,,,,,0,other
420,,,,,,0,other
421,,,,,,0,other
422,,,,,,0,other
423,,,,,,0,other
424,,,,,,0,other
425,,,,,,0,other
426,,,,,,0,other
427,,,,,,0,other
428,,,,,,0,other
429,,,,,,0,other
430,,,,,,0,other
431,,,,,,0,other
432,,,,,,0,other
433,,,,,,0,other
434,,,,,,0,other
435,,,,,,0,other
436,,,,,,0,other
437,,,,,,0,other
438,,,,,,0,other
439,,,,,,0,other
440,,,,,,0,other
441,,,,,,0,other
442,,,,,,0,other
443,,,,,,0,other
444,,,,,,0,other
445,,,,,,0,other
446,,,,,,0,other
447,,,,,,0,other
448,,,,,,0,other
449,,,,,,0,other
450,,,,,,0,other
451,,,,,,0,other
452,,,,,,0,other
453,,,,,,0,other
454,,,,,,0,other
455,,,,,,0,other
456,,,,,,0,other
457,,,,,,0,other
458,,,,,,0,other
459,,,,,,0,other
460,,,,,,0,other
461,,,,,,0,other
462,,,,,,0,other
463,,,,,,0,other
464,,,,,,0,other
465,,,,,,0,other
466,,,,,,0,other
467,,,,,,0,other
468,,,,,,0,other
469,,,,,,0,other
470,,,,,,0,other
471,,,,,,0,other
472,,,,,,0,other
473,,,,,,0,other
474,,,,,,0,other
475,,,,,,0,other
476,,,,,,0,other
477,,,,,,0,other
478,,,,,,0,other
479,,,,,,0,other
480,,,,,,0,other
481,,,,,,0,other
482,,,,,,0,other
483,,,,,,0,other
484,,,,,,0,other
485,,,,,,0,other
486,,,,,,0,other
487,,,,,,0,other
488,,,,,,0,other
489,,,,,,0,other
490,,,,,,0,other
491,,,,,,0,other
492,,,,,,0,other
493,,,,,,0,other
494,,,,,,0,other
495,,,,,,0,other
496,,,,,,0,other
497,,,,,,0,other
498,,,,,,0,other
499,,,,,,0,other
500,,,,,,0,other
501,,,,,,0,other
502,,,,,,0,other
503,,,,,,0,other
504,,,,,,0,other
505,,,,,,0,other
506,,,,,,0,other
507,,,,,,0,other
508,162,HA1,-100.58188666463433,71.67459810496433,-14.453644279834997,0,other
509,163,HA1,189.9230188558249,268.0641461078167,228.9935824818208,0,antigenic_site
510,164,HA1,-103.26280526260582,196.67017732782747,46.703686032610825,0,antigenic_site
511,165,HA1,-68.11806972993935,-54.76429022347526,-61.4411799767073,0,antigenic_site
512,166,HA1,-295.5013574693432,232.9267921641557,-31.287282652593746,0,other
513,167,HA1,-255.06074111421896,-138.055832414782,-196.55828676450048,0,other
514,168,HA1,-33.53509444304498,-87.90078124427728,-60.71793784366113,0,other
515,169,HA1,43.91228387372922,-342.1220116138803,-149.10486387007555,0,other
516,170,HA1,-236.3340723794333,-101.04865718525964,-168.69136478234648,0,other
517,171,HA1,-209.0885595712095,-38.81147550497644,-123.95001753809296,0,other
518,172,HA1,-340.70295791136493,-33.202209961842584,-186.95258393660376,0,antigenic_site
519,173,HA1,1034.831729371209,991.3161406468356,1013.0739350090223,0,antigenic_site
520,174,HA1,186.18068005439076,64.83864818060476,125.50966411749776,0,antigenic_site
521,175,HA1,-4.334701126910858,-172.96464109392474,-88.6496711104178,0,antigenic_site
522,176,HA1,183.65865822516037,23.815929804510134,103.73729401483524,0,antigenic_site
523,177,HA1,-118.7839931210758,-84.85639977197948,-101.82019644652763,0,antigenic_site
524,178,HA1,-25.66195769950383,133.73663989625214,54.037341098374156,0,other
525,179,HA1,-100.62070862068538,-179.28228841969866,-139.95149852019202,0,antigenic_site
526,180,HA1,-1.2203500616029146,41.2702358111049,20.02494287475099,0,other
527,181,HA1,77.079578395238,-44.602679892323295,16.238449251457354,0,other
528,182,HA1,80.20843268512402,-28.63959443020633,25.784419127458847,0,antigenic_site
529,183,HA1,49.80367733414085,-61.968614128456366,-6.082468397157758,0,other
530,184,HA1,106.41249316767652,87.89587090802748,97.154182037852,0,other
531,185,HA1,366.78073710393824,-30.46650181761225,168.157117643163,0,other
532,186,HA1,51.83041965088688,397.8420830265967,224.8362513387418,0,RBS_190helix
533,187,HA1,37.10445847652932,88.26093073476335,62.68269460564633,0,antigenic_site
534,188,HA1,68.10472276333877,160.49396839399765,114.29934557866821,0,antigenic_site
535,189,HA1,125.75256873572472,210.75834661677368,168.2554576762492,0,antigenic_site
536,190,HA1,-178.40671435694335,-23.36748106837581,-100.88709771265958,0,RBS_190helix
537,191,HA1,-160.4271190801664,-312.6414118367201,-236.53426545844326,0,antigenic_site
538,192,HA1,-104.08425458065965,210.2295260914203,53.072635755380325,0,antigenic_site
539,193,HA1,-334.27951125636685,-31.71998872084839,-182.99974998860762,0,RBS_190helix
540,194,HA1,-278.95446153378674,-26.419666317436047,-152.6870639256114,0,RBS_190helix
541,195,HA1,-10.079564898746357,60.03500417037532,24.977719635814484,0,antigenic_site
542,196,HA1,-798.1205278397688,-763.5113564415576,-780.8159421406632,1,antigenic_site
543,197,HA1,-103.86136165240843,-154.57315211745498,-129.21725688493171,0,antigenic_site
544,198,HA1,-436.5603476661357,197.08506571355505,-119.73764097629034,0,antigenic_site
545,199,HA1,-56.4162981843898,-232.614953303738,-144.5156257440639,0,antigenic_site
546,200,HA1,-54.04043766020047,12.915378622517778,-20.562529518841345,0,other
547,201,HA1,8.4290260601197,205.5192371357255,106.9741315979226,0,antigenic_site
548,202,HA1,-154.12167403145304,-32.505164880383006,-93.31341945591802,0,antigenic_site
549,203,HA1,165.6410105030565,62.54083667840321,114.09092359072986,0,antigenic_site
550,204,HA1,-45.12908098021149,-49.818360587315965,-47.473720783763724,0,antigenic_site
551,205,HA1,-205.44738402977887,-38.07275103423791,-121.76006753200839,0,antigenic_site
552,206,HA1,-273.2207474533058,-133.89315784007562,-203.55695264669072,0,antigenic_site
553,207,HA1,-54.442542005098005,-153.19897622003347,-103.82075911256574,0,antigenic_site
554,208,HA1,380.6019285162242,203.3307091035674,291.96631880989577,0,antigenic_site
555,209,HA1,-195.6909260732024,-390.1668541273582,-292.9288901002803,0,antigenic_site
556,210,HA1,47.84741902567163,159.60205741234284,103.72473821900724,0,other
557,211,HA1,138.8899774738433,366.1749732384144,252.53247535612883,0,other
558,212,HA1,-81.4671321862094,142.38315043603487,30.458009124912735,0,antigenic_site
559,213,HA1,-48.21824339750849,-81.06965189203886,-64.64394764477368,0,antigenic_site
560,214,HA1,-311.5685198245603,-389.1987345462605,-350.38362718541043,0,antigenic_site
561,215,HA1,-287.0080454334517,-160.16639183976426,-223.587218636608,0,antigenic_site
562,216,HA1,54.23359065525267,-86.93293322485775,-16.34967128480254,0,antigenic_site
563,217,HA1,-229.573287912718,-69.88819259611077,-149.7307402544144,0,antigenic_site
564,218,HA1,-452.0270584458559,-600.6623880604906,-526.3447232531732,0,antigenic_site
565,219,HA1,-67.52001126346485,-10.967703807061554,-39.2438575352632,0,antigenic_site
566,,,,,,0,other
567,,,,,,0,other
568,220,HA1,-39.57665767615879,-108.017411831537,-73.7970347538479,0,antigenic_site
569,221,HA1,-122.21476834018006,-130.9559557237448,-126.58536203196243,0,RBS_220loop
570,222,HA1,359.12779208242534,319.4571676549301,339.29247986867773,0,RBS_220loop
571,223,HA1,29.32487052041776,-7.357686116208899,10.98359220210443,0,other
572,224,HA1,622.0831272218345,489.5494961920508,555.8163117069427,0,RBS_220loop
573,225,HA1,-444.3679401103606,-509.7357572629518,-477.0518486866562,0,RBS_220loop
574,226,HA1,-20.752795467565647,118.53706208118626,48.89213330681031,0,RBS_220loop
575,227,HA1,346.065448094343,207.12706120491876,276.5962546496309,0,RBS_220loop
576,228,HA1,-106.65562514889804,-50.50848011478388,-78.58205263184095,0,RBS_220loop
577,229,HA1,97.60561354440745,-13.337032688567549,42.13429042791995,0,antigenic_site
578,230,HA1,57.76693679947982,81.30000075636727,69.53346877792355,0,antigenic_site
579,,,,,,0,other
580,,,,,,0,other
581,,,,,,0,other
582,,,,,,0,other
583,,,,,,0,other
584,,,,,,0,other
585,,,,,,0,other
586,,,,,,0,other
587,,,,,,0,other
588,,,,,,0,other
589,,,,,,0,other
590,,,,,,0,other
591,,,,,,0,other
592,,,,,,0,other
593,,,,,,0,other
594,,,,,,0,other
595,,,,,,0,other
596,,,,,,0,other
597,,,,,,0,other
598,,,,,,0,other
599,,,,,,0,other
600,,,,,,0,other
601,231,HA1,32.99605829756675,69.1542423272463,51.07515031240652,0,antigenic_site
602,232,HA1,-183.8755675106657,-173.86641932501013,-178.8709934178379,0,other
603,233,HA1,80.1820212222077,109.25166955671038,94.71684538945904,0,other
604,234,HA1,-40.9831709440211,-181.18179438293288,-111.08248266347698,0,other
605,235,HA1,-42.127960452760135,-44.02245241497522,-43.07520643386768,0,other
606,236,HA1,-151.22501776583476,-145.56638633863363,-148.39570205223418,0,other
607,237,HA1,95.76965629454114,-35.86931555818833,29.9501703681764,0,other
608,238,HA1,375.6691753962336,291.22445436874307,333.4468148824883,0,antigenic_site
609,239,HA1,-21.16227539496612,-45.64391114685333,-33.40309327090972,0,other
610,240,HA1,598.2044114863013,10.792268714344331,304.4983401003228,0,antigenic_site
611,241,HA1,-98.56924874583017,-32.88115055998709,-65.72519965290863,0,other
612,242,HA1,-19.811746521647137,48.89950133556277,14.543877406957815,0,antigenic_site
613,243,HA1,14.781804699405484,66.7989224131627,40.79036355628409,0,antigenic_site
614,244,HA1,-36.01806330871608,-6.604415641333077,-21.31123947502458,0,antigenic_site
615,245,HA1,-119.70921572554818,-84.3752882246186,-102.04225197508339,0,antigenic_site
616,246,HA1,135.97102323358325,202.73526695513573,169.3531450943595,0,antigenic_site
617,247,HA1,-229.5655414832185,-78.06591444739537,-153.81572796530693,0,other
618,,,,,,0,other
619,248,HA1,116.07329011099944,244.68944665172504,180.38136838136222,0,antigenic_site
620,249,HA1,93.60949578148563,140.60273859807958,117.10611718978261,0,other
621,250,HA1,-288.09732058150325,-748.6744693308561,-518.3858949561798,0,other
622,251,HA1,-179.84722631428727,196.844569064416,8.498671375064362,0,other
623,252,HA1,-11.357936583278402,167.05623902417847,77.84915122045004,0,other
624,253,HA1,156.27357922524516,249.67545798191983,202.9745186035825,0,other
625,254,HA1,21.782701407257832,27.05605723131569,24.41937931928676,0,other
626,255,HA1,396.9709574043805,391.9527205705803,394.4618389874804,0,other
627,256,HA1,-36.064914901262256,101.50876175526474,32.721923427001244,0,other
628,257,HA1,63.69695311164711,10.679217225826733,37.18808516873692,0,other
629,258,HA1,502.5870265740402,555.4786327076969,529.0328296408685,0,other
630,259,HA1,-172.1200294216365,-23.672249571135005,-97.89613949638576,0,other
631,260,HA1,264.5708421469532,160.91624886996047,212.74354550845686,0,other
632,,,,,,0,other
633,,,,,,0,other
634,,,,,,0,other
635,,,,,,0,other
636,,,,,,0,other
637,,,,,,0,other
638,,,,,,0,other
639,,,,,,0,other
640,,,,,,0,other
641,,,,,,0,other
642,261,HA1,-1.858893153904546,315.26313167997324,156.70211926303435,0,other
643,262,HA1,188.75559889068293,,188.75559889068293,0,other
644,,,,,,0,other
645,,,,,,0,other
646,,,,,,0,other
647,,,,,,0,other
648,,,,,,0,other
649,,,,,,0,other
650,,,,,,0,other
651,,,,,,0,other
652,,,,,,0,other
653,,,,,,0,other
654,,,,,,0,other
655,,,,,,0,other
656,,,,,,0,other
657,263,HA1,-691.5576975558006,-660.1481082848645,-675.8529029203326,1,other
658,264,HA1,267.3845311992561,-41.53064031480761,112.92694544222425,0,other
659,265,HA1,81.31545408651814,-593.3897816284701,-256.037163770976,0,other
660,266,HA1,178.31037924796846,307.10329293594094,242.7068360919547,0,other
661,267,HA1,-89.94721162430477,-36.76863389467286,-63.357922759488815,0,other
662,268,HA1,126.90885874333456,-34.3300457386984,46.28940650231808,0,other
663,269,HA1,776.3336781975116,595.8143842173711,686.0740312074413,0,other
664,270,HA1,203.61565696538463,-37.53400415660701,83.04082640438881,0,other
665,,,,,,0,other
666,271,HA1,-579.6457233846141,-465.9894163440747,-522.8175698643445,0,other
667,272,HA1,-424.9332224783328,-157.20890893726462,-291.0710657077987,0,other
668,273,HA1,523.7504454383809,143.8700599940289,333.8102527162049,0,antigenic_site
669,274,HA1,-386.9139122704474,-202.5909681553742,-294.7524402129108,0,other
670,275,HA1,94.80673709842524,224.51888430130688,159.66281069986607,0,antigenic_site
671,,,,,,0,other
672,276,HA1,119.63291628834754,-140.6617647507226,-10.514424231187526,0,antigenic_site
673,277,HA1,-44.417936622990254,49.75264219327636,2.667352785143052,0,other
674,278,HA1,-189.97322729750385,-303.4590197435138,-246.71612352050883,0,antigenic_site
675,279,HA1,-816.2186316256842,-246.5883978557472,-531.4035147407158,0,antigenic_site
676,280,HA1,-86.01990468055465,-154.7440782784903,-120.38199147952247,0,other
677,281,HA1,-167.08845370571822,-150.36416411029427,-158.72630890800625,0,other
678,,,,,,0,other
679,,,,,,0,other
680,,,,,,0,other
681,,,,,,0,other
682,,,,,,0,other
683,,,,,,0,other
684,,,,,,0,other
685,,,,,,0,other
686,,,,,,0,other
687,,,,,,0,other
688,,,,,,0,other
689,,,,,,0,other
690,,,,,,0,other
691,,,,,,0,other
692,,,,,,0,other
693,,,,,,0,other
694,,,,,,0,other
695,,,,,,0,other
696,,,,,,0,other
697,,,,,,0,other
698,,,,,,0,other
699,282,HA1,-393.0946817738413,-560.5811315817974,-476.8379066778193,1,other
700,283,HA1,-202.32131307275395,-406.4219318517808,-304.3716224622674,0,other
701,284,HA1,312.02082454582217,152.1722025311197,232.09651353847093,0,other
702,285,HA1,-704.7402798914484,-686.0819435051135,-695.4111116982809,1,other
703,286,HA1,-176.8550753449491,-59.63121495221219,-118.24314514858065,0,other
704,287,HA1,-51.55767061010109,79.89465392343766,14.168491656668284,0,other
705,288,HA1,-174.4169313033841,-17.73435517156176,-96.07564323747293,0,other
706,289,HA1,-227.78836213150743,145.3283963651859,-41.22998288316076,0,other
707,290,HA1,-180.67688087220827,-180.98094307027824,-180.82891197124326,0,antigenic_site
708,291,HA1,-26.761637700344124,-180.6999953664044,-103.73081653337427,0,antigenic_site
709,292,HA1,-102.52617735981612,-70.14650877057544,-86.33634306519578,0,other
710,293,HA1,-129.22764584091072,-7.028514662000362,-68.12808025145554,0,other
711,294,HA1,47.76281732565855,73.66131574677456,60.712066536216554,0,antigenic_site
712,295,HA1,66.00070235690117,-6.691220656624068,29.654740850138552,0,antigenic_site
713,296,HA1,-27.104558988148284,-98.25214557154024,-62.67835227984426,0,other
714,297,HA1,185.1350848591345,275.4354550953966,230.28526997726556,0,antigenic_site
715,298,HA1,152.85142377162933,118.32169913584738,135.58656145373834,0,other
716,299,HA1,326.9035897488936,-31.780948100970704,147.56132082396144,0,other
717,300,HA1,-187.59700880964576,-335.9129612925386,-261.7549850510922,0,other
718,301,HA1,-140.53842053166358,58.274192805362006,-41.132113863150785,0,other
719,302,HA1,20.713054506814014,112.45859235027588,66.58582342854494,0,other
720,303,HA1,-5.092016235725623,129.42018777544388,62.16408576985913,0,other
721,304,HA1,31.535113768702644,484.8338851589632,258.18449946383294,0,other
722,305,HA1,-55.23462903869665,77.61485095933085,11.1901109603171,0,antigenic_site
723,306,HA1,8.651455245221882,11.598100100814634,10.124777673018258,0,other
724,307,HA1,-400.4827472420105,96.99640610950486,-151.74317056625281,0,antigenic_site
725,308,HA1,-29.1574258004743,121.37349056493446,46.10803238223008,0,antigenic_site
726,309,HA1,-55.00814367587219,134.74998390557542,39.870920114851614,0,other
727,310,HA1,7.375030412661999,302.4672944336713,154.92116242316666,0,antigenic_site
728,311,HA1,114.5947611513579,-133.00614307993726,-9.20569096428968,0,antigenic_site
729,,,,,,0,other
730,,,,,,0,other
731,,,,,,0,other
732,,,,,,0,other
733,,,,,,0,other
734,,,,,,0,other
735,,,,,,0,other
736,,,,,,0,other
737,,,,,,0,other
738,,,,,,0,other
739,,,,,,0,other
740,312,HA1,-426.464104479692,-319.6880457226771,-373.07607510118453,1,antigenic_site
741,313,HA1,-19.840050908431408,125.67764311188812,52.918796101728354,0,other
742,314,HA1,-145.47344001340824,-92.3200044683685,-118.89672224088837,0,other
743,315,HA1,219.00334136263103,383.2261506959932,301.11474602931213,0,other
744,316,HA1,82.92331301156162,232.59593031917015,157.7596216653659,0,other
745,317,HA1,-7.238136322549295,26.357744822029684,9.559804249740194,0,other
746,318,HA1,-91.8266547142071,-56.038425360192846,-73.93254003719997,0,other
747,,,,,,0,other
748,,,,,,0,other
749,,,,,,0,other
750,319,HA1,75.55663898106309,159.21164888948306,117.38414393527307,0,other
751,320,HA1,-261.53231917057315,-229.6290190942753,-245.58066913242422,0,other
752,321,HA1,6.9455174140745015,-233.13588375531927,-113.09518317062239,0,other
753,322,HA1,71.14140367562756,17.65050283728391,44.39595325645573,0,other
754,323,HA1,-116.8194446694324,-89.03407241221633,-102.92675854082437,0,other
755,324,HA1,112.2454190604172,146.1606820239391,129.20305054217815,0,other
756,325,HA1,-419.8970324789325,-483.9096120604655,-451.903322269699,0,other
757,326,HA1,46.973108760706126,62.56869381538222,54.77090128804417,0,other
758,327,HA1,-280.23172367421114,-354.940465831022,-317.58609475261653,0,other
759,328,HA1,-68.91207659913209,119.46957653221614,25.278749966542023,0,other
760,,,,,,0,other
761,,,,,,0,other
762,,,,,,0,other
763,,,,,,0,other
764,,,,,,0,other
765,,,,,,0,other
766,,,,,,0,other
767,,,,,,0,other
768,,,,,,0,other
769,,,,,,0,other
770,,,,,,0,other
771,,,,,,0,other
772,,,,,,0,other
773,,,,,,0,other
774,,,,,,0,other
775,329,HA1,-16.043896637424723,-3.772405438015994,-9.908151037720359,0,other
776,1,HA2,-24.600712855339964,12.612544619297296,-5.994084118021334,0,HA2_stem
777,,,,,,0,other
778,,,,,,0,other
779,,,,,,0,other
780,,,,,,0,other
781,,,,,,0,other
782,,,,,,0,other
783,,,,,,0,other
784,2,HA2,-106.98294939267154,-25.758142517503188,-66.37054595508737,0,HA2_stem
785,3,HA2,-13.3247641635092,43.15375945219864,14.91449764434472,0,HA2_stem
786,4,HA2,-160.514208153619,-151.3329663309837,-155.92358724230135,0,HA2_stem
787,5,HA2,-67.56799536855402,-38.13798647630136,-52.85299092242769,0,HA2_stem
788,6,HA2,26.317421834783204,67.21998992627357,46.76870588052839,0,HA2_stem
789,7,HA2,6.365949864760239,3.970382512430661,5.16816618859545,0,HA2_stem
790,8,HA2,-191.06321852501893,-182.2833436536939,-186.6732810893564,0,HA2_stem
791,9,HA2,94.53617477092918,111.4816600207033,103.00891739581624,0,HA2_stem
792,10,HA2,-12.29886406895406,48.31592190746,18.00852891925297,0,HA2_stem
793,11,HA2,-95.97281585835734,-101.7204180050772,-98.84661693171728,0,HA2_stem
794,12,HA2,361.63083878544114,382.9034776241917,372.2671582048164,0,HA2_stem
795,13,HA2,-102.91952126144857,-150.3450931904918,-126.63230722597018,0,HA2_stem
796,14,HA2,121.42324400401569,87.0959559942707,104.25959999914319,0,HA2_stem
797,15,HA2,-387.9366064797582,-377.0209427040329,-382.47877459189556,0,HA2_stem
798,16,HA2,-240.14770962231736,-249.1970469912044,-244.6723783067609,0,HA2_stem
799,17,HA2,58.32189144128722,-88.57003200850696,-15.124070283609868,0,HA2_stem
800,,,,,,0,other
801,,,,,,0,other
802,18,HA2,206.1375420645853,107.01628409942732,156.5769130820063,0,HA2_stem
803,19,HA2,-128.99137865593076,-75.65441151026874,-102.32289508309975,0,HA2_stem
804,20,HA2,52.52188728529643,-3.731920295121995,24.394983495087217,0,HA2_stem
805,,,,,,0,other
806,,,,,,0,other
807,,,,,,0,other
808,,,,,,0,other
809,,,,,,0,other
810,,,,,,0,other
811,,,,,,0,other
812,,,,,,0,other
813,21,HA2,64.16511567681518,-27.503887258155345,18.330614209329916,0,HA2_stem
814,22,HA2,58.73655255352293,141.87699931020688,100.3067759318649,0,HA2_stem
815,23,HA2,-186.2725926974092,-132.78022688149582,-159.52640978945252,0,HA2_stem
816,24,HA2,226.24670556785787,249.0497421099884,237.64822383892312,0,HA2_stem
817,25,HA2,-37.697114699536975,-57.23908603126881,-47.46810036540289,0,HA2_stem
818,26,HA2,142.44127490062118,182.37507438893675,162.40817464477897,0,HA2_stem
819,27,HA2,201.90712602637808,244.20214911884392,223.054637572611,0,HA2_stem
820,28,HA2,67.52004468193644,96.51728959132988,82.01866713663316,0,HA2_stem
821,29,HA2,343.93737635763154,391.6101431752911,367.77375976646135,0,HA2_stem
822,30,HA2,199.50314536615707,384.026229472146,291.7646874191515,0,HA2_stem
823,31,HA2,315.4970130164044,322.6551495400015,319.076081278203,0,HA2_stem
824,32,HA2,-91.30995874233622,152.1826694368819,30.436355347272837,0,HA2_stem
825,33,HA2,66.99409372766189,72.79296380697792,69.8935287673199,0,HA2_stem
826,34,HA2,462.1437510521829,771.9925867271995,617.0681688896912,0,HA2_stem
827,35,HA2,88.07146857258533,146.6153162355455,117.34339240406541,0,HA2_stem
828,36,HA2,-58.72561687722572,-52.4569152382237,-55.59126605772471,0,HA2_stem
829,37,HA2,50.99994358418371,90.59790371151922,70.79892364785147,0,HA2_stem
830,38,HA2,-89.58156065252805,-132.30950134266996,-110.94553099759901,0,HA2_stem
831,39,HA2,-85.93150636396643,-124.44433602940065,-105.18792119668353,0,HA2_stem
832,40,HA2,-49.27687275635179,-92.8860606178858,-71.08146668711879,0,HA2_stem
833,41,HA2,44.96142474924341,31.33074558039836,38.14608516482089,0,HA2_stem
834,42,HA2,4.213980925125895,-13.170993140748749,-4.478506107811427,0,HA2_stem
835,43,HA2,-185.2312897795329,-93.35503217783004,-139.29316097868147,0,HA2_stem
836,44,HA2,-1.2584778846531035,-41.32445784612864,-21.29146786539087,0,HA2_stem
837,45,HA2,112.35543503723868,75.36416754577337,93.85980129150602,0,HA2_stem
838,46,HA2,-74.45896967943543,-105.8398992642459,-90.14943447184066,0,HA2_stem
839,47,HA2,331.1293941416381,303.3654694638337,317.2474318027359,0,HA2_stem
840,48,HA2,32.33716157118897,9.121385765016498,20.729273668102735,0,HA2_stem
841,49,HA2,-57.28688068725063,-16.704522063637512,-36.99570137544407,0,HA2_stem
842,50,HA2,-370.2825556059945,-360.26275029575334,-365.2726529508739,0,HA2_stem
843,51,HA2,-53.65942211988485,-40.93965208048675,-47.2995371001858,0,HA2_stem
844,52,HA2,150.92943697306575,202.6852121606132,176.80732456683947,0,HA2_stem
845,53,HA2,-92.86985920324356,-117.09295641759422,-104.98140781041889,0,HA2_stem
846,54,HA2,-394.4063771607149,-379.72059932198295,-387.0634882413489,0,HA2_stem
847,55,HA2,130.85909352579267,147.37022845624278,139.11466099101773,0,HA2_stem
848,56,HA2,-85.91626450705064,18.401449593433423,-33.75740745680861,0,HA2_stem
849,57,HA2,174.27932215406955,40.60938382930934,107.44435299168944,0,HA2_stem
850,58,HA2,-87.04539432373907,-167.60209027232304,-127.32374229803105,0,HA2_stem
851,59,HA2,281.80122584399254,226.66427412985337,254.23274998692295,0,HA2_stem
852,,,,,,0,other
853,,,,,,0,other
854,,,,,,0,other
855,,,,,,0,other
856,60,HA2,66.07982328341956,68.64420187866625,67.3620125810429,0,HA2_stem
857,61,HA2,249.0382200137973,81.76141144189344,165.39981572784535,0,HA2_stem
858,62,HA2,-96.32241606967692,-639.4298842406102,-367.8761501551436,0,HA2_stem
859,63,HA2,74.418519329796,57.77487775384686,66.09669854182143,0,HA2_stem
860,64,HA2,-302.75451029130994,-301.6717324499551,-302.2131213706325,0,HA2_stem
861,,,,,,0,other
862,,,,,,0,other
863,65,HA2,-281.08790321343804,-105.55747024216168,-193.32268672779986,0,HA2_stem
864,66,HA2,20.01008072102769,86.36649932843574,53.188290024731714,0,HA2_stem
865,67,HA2,343.9753693073028,94.49260486146764,219.2339870843852,0,HA2_stem
866,68,HA2,179.8800250844498,76.44656189262992,128.16329348853986,0,HA2_stem
867,69,HA2,-294.5096298276163,-177.20177242132203,-235.8557011244692,0,HA2_stem
868,70,HA2,109.35603888941546,132.3298819526308,120.84296042102314,0,HA2_stem
869,71,HA2,168.97162545699877,16.629132362879318,92.80037890993904,0,HA2_stem
870,,,,,,0,other
871,72,HA2,-146.1397702493536,-155.34630982489728,-150.74304003712544,0,HA2_stem
872,73,HA2,-356.2348201220745,-255.74227384570787,-305.9885469838912,0,HA2_stem
873,74,HA2,-142.7336250404324,-231.90723405281068,-187.32042954662154,0,HA2_stem
874,75,HA2,103.77006772559288,-22.20636740274071,40.781850161426085,0,HA2_stem
875,76,HA2,437.68599396008375,460.22075230477424,448.95337313242896,0,HA2_stem
876,77,HA2,234.5658438966361,250.92228097533007,242.7440624359831,0,HA2_stem
877,78,HA2,-171.33501553353477,-71.26348144611126,-121.29924848982301,0,HA2_stem
878,79,HA2,-89.00094291877934,-121.85037545866696,-105.42565918872316,0,HA2_stem
879,80,HA2,-316.4521700992055,-326.69801388936105,-321.5750919942833,0,HA2_stem
880,81,HA2,-383.7727237623841,-370.3580175278763,-377.0653706451302,0,HA2_stem
881,82,HA2,180.58954434313372,129.2374149661481,154.91347965464092,0,HA2_stem
882,83,HA2,-477.225921027531,-392.6572276584014,-434.9415743429662,1,HA2_stem
883,84,HA2,349.00755963954657,517.4537431559514,433.230651397749,0,HA2_stem
884,85,HA2,-404.91755326594415,-186.3221041360564,-295.6198287010003,0,HA2_stem
885,86,HA2,131.52269409854878,116.68538878506118,124.10404144180498,0,HA2_stem
886,87,HA2,232.0341168623248,203.7374733015008,217.88579508191282,0,HA2_stem
887,88,HA2,-53.23925309630681,-52.94264411573437,-53.09094860602059,0,HA2_stem
888,89,HA2,377.6182160242384,345.3983117492048,361.5082638867216,0,HA2_stem
889,90,HA2,-424.3650403381741,-22.15734369387242,-223.26119201602324,0,HA2_stem
890,91,HA2,174.2662703001231,171.75760451525605,173.01193740768957,0,HA2_stem
891,92,HA2,103.29820836085425,3.1017359697155484,53.1999721652849,0,HA2_stem
892,93,HA2,92.10115953208684,177.72112715313688,134.91114334261187,0,HA2_stem
893,94,HA2,27.046534994847093,57.17150586405239,42.10902042944974,0,HA2_stem
894,95,HA2,-326.98797161133297,-197.9391481017075,-262.46355985652025,0,HA2_stem
895,96,HA2,309.2600729325908,351.6849399583865,330.47250644548865,0,HA2_stem
896,97,HA2,46.05201150312621,55.07147430560485,50.56174290436553,0,HA2_stem
897,98,HA2,10.409831619271928,8.619833498826551,9.514832559049239,0,HA2_stem
898,99,HA2,-95.14324904064554,-121.5858684325838,-108.36455873661467,0,HA2_stem
899,100,HA2,198.98890443841145,160.40815308282777,179.6985287606196,0,HA2_stem
900,101,HA2,104.12491671905792,65.48892377405616,84.80692024655704,0,HA2_stem
901,102,HA2,-302.2533092525831,-316.2463678406009,-309.249838546592,0,HA2_stem
902,103,HA2,-4.411546786372355,-57.07912980988806,-30.745338298130207,0,HA2_stem
903,104,HA2,119.58035263652566,100.8664686027995,110.22341061966259,0,HA2_stem
904,105,HA2,344.2969230720466,365.2670178258284,354.7819704489375,0,HA2_stem
905,106,HA2,-19.978862451551606,7.939471949055758,-6.019695251247924,0,HA2_stem
906,107,HA2,163.8317875073925,137.68810170881872,150.75994460810563,0,HA2_stem
907,108,HA2,81.71543896086692,78.19446383057826,79.95495139572259,0,HA2_stem
908,109,HA2,-134.64881080004383,-225.4962474749131,-180.07252913747845,0,HA2_stem
909,110,HA2,-62.658229913619145,-216.60884059221584,-139.63353525291748,0,HA2_stem
910,111,HA2,-255.8533741352796,-113.76748792564536,-184.8104310304625,0,HA2_stem
911,112,HA2,-3.695733029376712,-65.17590841294414,-34.435820721160425,0,HA2_stem
912,113,HA2,-111.90751105852314,-101.51342482531676,-106.71046794191994,0,HA2_stem
913,114,HA2,-472.2169317285699,-433.08922312153527,-452.6530774250526,0,HA2_stem
914,115,HA2,32.5056094341258,29.85330582796473,31.179457631045267,0,HA2_stem
915,116,HA2,28.787629076946416,-227.52883190294511,-99.37060141299935,0,HA2_stem
916,117,HA2,-188.8921201751355,15.4572594635938,-86.71743035577084,0,HA2_stem
917,118,HA2,20.132503252136303,-34.14466915210568,-7.0060829499846875,0,HA2_stem
918,119,HA2,104.60364489023524,-71.1590193953097,16.722312747462773,0,HA2_stem
919,120,HA2,-203.25251690343688,-167.70913558420895,-185.48082624382292,0,HA2_stem
920,121,HA2,-66.41120645383118,-419.4939674331455,-242.95258694348834,0,HA2_stem
921,122,HA2,95.418350002098,-25.69196034528602,34.86319482840599,0,HA2_stem
922,123,HA2,210.6275234864877,-222.42672221876865,-5.899599366140478,0,HA2_stem
923,124,HA2,-775.709990323333,-204.3896020955073,-490.04979620942015,0,HA2_stem
924,125,HA2,120.9357232274036,13.283620961714549,67.10967209455907,0,HA2_stem
925,126,HA2,-39.61553669697071,-56.694928850466624,-48.155232773718666,0,HA2_stem
926,127,HA2,-262.789289609074,-295.378451993119,-279.0838708010965,0,HA2_stem
927,128,HA2,-278.894141622833,183.8292405019339,-47.53245056044955,0,HA2_stem
928,129,HA2,143.254068598848,123.97131288976868,133.61269074430834,0,HA2_stem
929,130,HA2,-110.27047595920789,-82.18271276470928,-96.22659436195858,0,HA2_stem
930,131,HA2,-207.1571527118763,-114.64337403425516,-160.90026337306574,0,HA2_stem
931,132,HA2,-68.95066375604861,44.42364582276093,-12.26350896664384,0,HA2_stem
932,133,HA2,172.02155800197502,302.6428731453889,237.33221557368194,0,HA2_stem
933,134,HA2,-112.6023034626288,-55.66032509107117,-84.13131427684999,0,HA2_stem
934,135,HA2,-147.26433637710232,-133.02491691483016,-140.14462664596624,0,HA2_stem
935,136,HA2,285.997187391608,322.7229633864265,304.36007538901725,0,HA2_stem
936,137,HA2,-9.058025974094392,40.05831169381503,15.500142859860318,0,HA2_stem
937,138,HA2,197.7921134626286,132.28258137929777,165.0373474209632,0,HA2_stem
938,139,HA2,123.579787871982,154.78422304485537,139.1820054584187,0,HA2_stem
939,140,HA2,43.55925829448188,70.2405264693156,56.89989238189874,0,HA2_stem
940,141,HA2,-3.734422949532643,-90.51665102337356,-47.1255369864531,0,HA2_stem
941,,,,,,0,other
942,142,HA2,14.78848404700485,-26.65708700315644,-5.934301478075795,0,HA2_stem
943,143,HA2,64.08944025759595,51.69076327346067,57.890101765528314,0,HA2_stem
944,144,HA2,-14.570019294243052,-51.39077984563713,-32.98039956994009,0,HA2_stem
945,145,HA2,-118.64619981239426,23.78406657552796,-47.43106661843315,0,HA2_stem
946,146,HA2,11.04134790222588,-9.55749393744992,0.7419269823879802,0,HA2_stem
947,147,HA2,66.10843178128809,41.80776793493376,53.95809985811093,0,HA2_stem
948,148,HA2,-39.75694853135985,30.239655515656978,-4.758646507851438,0,HA2_stem
949,149,HA2,-148.09593479322186,-73.53350690001139,-110.81472084661662,0,HA2_stem
950,,,,,,0,other
951,,,,,,0,other
952,,,,,,0,other
953,150,HA2,298.2407020783289,10.737972332961874,154.4893372056454,0,HA2_stem
954,151,HA2,-51.98439123965196,15.974845613477116,-18.004772813087424,0,HA2_stem
955,152,HA2,-168.06952512313242,-133.51178776032114,-150.79065644172678,0,HA2_stem
956,153,HA2,-332.9898600738416,-371.1894268043698,-352.0896434391057,0,HA2_stem
957,154,HA2,-80.51804412007536,-113.81845529353944,-97.1682497068074,0,HA2_stem
958,155,HA2,801.7892237985035,824.5927031961068,813.1909634973051,0,HA2_stem
959,156,HA2,-178.41049495844447,-259.8407447367756,-219.12561984761004,0,HA2_stem
960,157,HA2,9.560710685209235,-73.66615407593494,-32.052721695362855,0,HA2_stem
961,158,HA2,170.49652909716383,159.1262006089044,164.81136485303412,0,HA2_stem
962,159,HA2,-208.6084732236345,-141.4996786213719,-175.05407592250322,0,HA2_stem
963,160,HA2,-103.30262405554532,-132.1026647489278,-117.70264440223656,0,HA2_stem
964,161,HA2,-177.4502810912169,12.639826519204576,-82.40522728600617,0,HA2_stem
965,162,HA2,-137.1523210806161,-174.32433424068125,-155.73832766064868,0,HA2_stem
966,163,HA2,-558.0775700190218,-552.1911578061124,-555.1343639125671,0,HA2_stem
967,164,HA2,-540.6548406421902,-756.3740250066182,-648.5144328244041,0,HA2_stem
968,165,HA2,-161.4673446078334,-196.90211221122428,-179.18472840952884,0,HA2_stem
969,166,HA2,-221.237666823309,-63.70015080923292,-142.46890881627098,0,HA2_stem
970,167,HA2,-237.1148979025924,-327.02031409335063,-282.0676059979715,0,HA2_stem
971,168,HA2,225.41552067062537,-104.27323630531924,60.57114218265306,0,HA2_stem
972,169,HA2,-88.62981696643536,-53.05324358966311,-70.84153027804923,0,HA2_stem
973,170,HA2,-126.96990122385984,-221.90168560408037,-174.4357934139701,0,HA2_stem
974,171,HA2,-29.29690393996561,-15.253121744560788,-22.275012842263198,0,HA2_stem
975,172,HA2,279.9706118607418,5.591674642663207,142.78114325170253,0,HA2_stem
976,173,HA2,-132.8033593984357,-129.84751394778002,-131.32543667310784,0,HA2_stem
977,174,HA2,-206.7923633145473,-164.62723812060747,-185.70980071757737,0,HA2_stem
978,175,HA2,319.2418239641521,353.8124548252767,336.52713939471437,0,HA2_stem
979,176,HA2,294.85135048083094,287.2977065539864,291.0745285174087,0,HA2_stem
980,177,HA2,1.7746065918636873,67.47695659132424,34.62578159159396,0,HA2_stem
981,178,HA2,-246.9526061930212,-127.15183001453282,-187.05221810377702,0,HA2_stem
982,179,HA2,192.99239209619287,376.9579596027535,284.9751758494732,0,HA2_stem
983,180,HA2,90.6555319371086,177.77616527089344,134.21584860400102,0,HA2_stem
984,,,,,,0,other
985,,,,,,0,other
986,,,,,,0,other
987,181,HA2,-314.9441058062086,-241.81337458788155,-278.3787401970451,0,HA2_stem
988,182,HA2,84.92816967160911,123.4806309786486,104.20440032512886,0,HA2_stem
989,183,HA2,-70.97047494425317,-57.10276751391154,-64.03662122908236,0,HA2_stem
990,184,HA2,114.70754324009296,162.25569444627703,138.481618843185,0,HA2_stem
991,185,HA2,-160.0662416697914,-184.68050804740545,-172.37337485859842,0,HA2_stem
992,186,HA2,-181.60044486867932,-203.0710933076724,-192.33576908817588,0,HA2_stem
993,187,HA2,-3.0907025046391823,1.9245689332426537,-0.5830667856982643,0,HA2_stem
994,188,HA2,-55.71851622993224,-51.330607241611006,-53.52456173577163,0,HA2_stem
995,189,HA2,107.2698879995324,44.57198345423369,75.92093572688304,0,HA2_stem
996,190,HA2,-15.41490278427446,28.62682852453884,6.60596287013219,0,HA2_stem
997,191,HA2,-184.25653466744677,-132.69039698757945,-158.4734658275131,0,HA2_stem
998,192,HA2,-215.8529947007479,-215.7644266211877,-215.8087106609678,0,HA2_stem
999,193,HA2,98.42330967594432,110.4635736684144,104.44344167217936,0,HA2_stem
1000,194,HA2,-22.901497315946017,35.248020184683355,6.173261434368669,0,HA2_stem
1001,195,HA2,-278.17573065534214,-243.75508806579512,-260.96540936056863,0,HA2_stem
1002,196,HA2,-33.95851289120776,-1.3625587268596036,-17.660535809033682,0,HA2_stem
1003,197,HA2,6.647096828336384,46.8960550496152,26.771575938975793,0,HA2_stem
1004,198,HA2,116.79861222984924,141.24098085657147,129.01979654321036,0,HA2_stem
1005,199,HA2,-26.53511214676694,5.323087852066884,-10.606012147350029,0,HA2_stem
1006,200,HA2,36.60544725793684,16.600429748525457,26.602938503231147,0,HA2_stem
1007,201,HA2,-112.45787559326908,-127.0522556762949,-119.755065634782,0,HA2_stem
1008,202,HA2,-93.81858842537574,-218.97490907045687,-156.39674874791632,0,HA2_stem
1009,203,HA2,205.07789467915023,156.61055297890587,180.84422382902807,0,HA2_stem
1010,204,HA2,-274.9661209956016,-310.3984230403332,-292.6822720179674,0,HA2_stem
1011,205,HA2,185.6105107058356,82.0076906625207,133.80910068417813,0,HA2_stem
1012,206,HA2,-112.27584287749268,-134.16652799496777,-123.22118543623023,0,HA2_stem
1013,207,HA2,-20.50525507034521,-14.060814417808132,-17.283034744076673,0,HA2_stem
1014,,,,,,0,other
1015,,,,,,0,other
1016,,,,,,0,other
1017,208,HA2,22.544593681452117,31.015923956715937,26.780258819084025,0,HA2_stem
1018,209,HA2,136.99767462278152,107.38816451080716,122.19291956679433,0,HA2_stem
1019,,,,,,0,other
1020,,,,,,0,other
1021,210,HA2,177.33125635143978,221.3515361897676,199.3413962706037,0,HA2_stem
1022,211,HA2,13.263537714889685,151.9189909412228,82.59126432805624,0,HA2_stem
1023,212,HA2,-58.18232191404852,59.94192052136171,0.8797993036565934,0,HA2_stem
1024,213,HA2,212.4176151921871,235.70287707798207,224.06024613508458,0,HA2_stem
1025,214,HA2,75.78893590991876,65.46357362723282,70.62625476857579,0,HA2_stem
1026,215,HA2,-39.15222147672271,-49.88391027349407,-44.51806587510839,0,HA2_stem
1027,216,HA2,-446.7698292853327,-448.9934237324608,-447.8816265088968,0,HA2_stem
1028,217,HA2,-63.14027462217882,-62.85735912808529,-62.99881687513206,0,HA2_stem
1029,218,HA2,213.29091772673587,227.20237583711835,220.2466467819271,0,HA2_stem
1030,219,HA2,12.846230025817365,-27.98701397358485,-7.570391973883743,0,HA2_stem
1031,220,HA2,-42.4741276383796,-70.04461138294735,-56.259369510663475,0,HA2_stem
1032,221,HA2,-199.18696697594737,-220.8168174322093,-210.00189220407833,0,HA2_stem
1033,,,,,,0,other
1034,,,,,,0,other
1035,,,,,,0,other
1036,,,,,,0,other
1037,,,,,,0,other
1038,,,,,,0,other
