accession,label,logit,trainpct,tier
YEL86808,0,-8.5183,0.6216,低
YEL86797,0,-10.8702,0.5515,低
YEL86716,0,-6.4415,0.7221,低
YEJ23160,0,-8.5183,0.6216,低
YEJ23149,0,-10.8702,0.5515,低
YEJ23068,0,-6.4415,0.7221,低
YDV55506,0,-9.1919,0.5987,低
YDU88077,0,-37.1056,0.0199,低
YDU88075,0,-9.1025,0.601,低
YDU88073,0,-31.9446,0.042,低
YDU88071,0,-29.9081,0.0627,低
YDU88069,0,-6.3564,0.7248,低
YDU88067,0,-9.3947,0.5931,低
YDU88065,0,-12.6418,0.3779,低
YDU88063,0,-37.2367,0.019,低
YDU88061,0,-15.4924,0.2736,低
YDU88059,0,-10.1083,0.5739,低
YDU88055,0,-31.1386,0.0475,低
YDU88053,0,-29.4684,0.0669,低
YDU88051,0,-17.2152,0.238,低
YDU88047,0,-10.8783,0.5515,低
YDU88045,0,-15.4901,0.2736,低
YDU88041,0,-30.6823,0.0519,低
YDU88039,0,-6.8484,0.7094,低
YDU88037,0,-13.467,0.3315,低
YDU88035,0,-16.7158,0.2484,低
YDU88033,0,-11.4248,0.5313,低
YDU88027,0,-7.5882,0.69,低
YDU88025,0,-35.2492,0.0258,低
YDU88023,0,-28.8056,0.0755,低
YDU88021,0,-9.3414,0.5943,低
YDU88019,0,-16.9464,0.2432,低
YDU88017,0,-33.1789,0.0339,低
YDU88015,0,-18.8969,0.2007,低
YDU88013,0,-9.4947,0.5908,低
YDU88011,0,-7.3658,0.6948,低
YDS04598,0,-15.8974,0.2651,低
YDS04594,0,-32.1807,0.0396,低
YDS04592,0,-5.3937,0.7747,低
YDS04590,0,-44.3657,0.0074,低
YDP22891,0,-7.9527,0.639,低
YDN61916,0,-20.0721,0.1783,低
YDN61914,0,-5.824,0.7435,低
YDN61912,0,-15.8818,0.2653,低
YDN61908,0,-29.4642,0.0671,低
YDN61900,0,-33.0176,0.0346,低
YDN61898,0,-20.0721,0.1783,低
YDN61896,0,-20.0721,0.1783,低
YDN61894,0,-20.0721,0.1783,低
YDN61892,0,-15.6569,0.27,低
YDN61890,0,-32.1807,0.0396,低
YDN61888,0,-5.5323,0.7598,低
YDN61886,0,-17.3829,0.2346,低
YDN61884,0,-15.6267,0.2707,低
YDN61882,0,-21.6678,0.1556,低
YDN61880,0,-16.0466,0.2619,低
YDN61878,0,-21.2959,0.1623,低
YDN61876,0,-7.9866,0.6378,低
YDN61874,0,-29.4497,0.0673,低
YDN61872,0,-14.5912,0.2951,低
YDN61868,0,-10.8224,0.5537,低
YDN61866,0,-13.9625,0.3125,低
YDN61864,0,-33.1789,0.0339,低
YDN61862,0,-10.8783,0.5515,低
YDN61858,0,-39.7937,0.0108,低
YDN61856,0,-15.4147,0.2744,低
YDN61854,0,-7.5882,0.69,低
YDN61852,0,-21.1691,0.1637,低
YDK26866,1,-2.7093,0.878,中
YDK26864,0,-22.9744,0.1392,低
YDK26862,0,-5.8384,0.7435,低
YDK26860,0,-15.3655,0.2759,低
YDK26854,0,-19.2687,0.1932,低
YDE67921,0,-10.8702,0.5515,低
YDE67920,0,-8.6436,0.6171,低
YCS47971,0,-11.9018,0.4709,低
YCS47969,0,-40.892,0.0099,低
YCS47967,0,-10.2173,0.5705,低
YCS47965,0,-40.892,0.0099,低
YCS47961,0,-11.9018,0.4709,低
YEV49220,0,-11.1169,0.5427,低
YEV49208,0,-11.5504,0.5217,低
YEV49196,0,-11.4805,0.5289,低
YEV49184,0,-11.4805,0.5289,低
YEV49126,0,-11.5504,0.5217,低
YEV49114,0,-11.4805,0.5289,低
YEV49102,0,-11.1169,0.5427,低
YEV49090,0,-12.1999,0.4408,低
YEV49078,0,-11.5504,0.5217,低
YEV49066,0,-11.1169,0.5427,低
YEV49054,0,-11.4805,0.5289,低
YES77145,0,-12.1999,0.4408,低
YES77133,0,-12.1999,0.4408,低
YES77121,0,-11.5504,0.5217,低
YES77098,0,-17.7411,0.2267,低
YES77086,0,-10.671,0.5581,低
YES77074,0,-11.8681,0.4839,低
YES77062,0,-12.1999,0.4408,低
YES77043,0,-58.9582,0.0027,低
YES77034,0,-11.5504,0.5217,低
YES77020,0,-10.9129,0.5503,低
YES76888,0,-12.1999,0.4408,低
YES76876,0,-12.1999,0.4408,低
YES76864,0,-11.5504,0.5217,低
YES76841,0,-17.7411,0.2267,低
YES76829,0,-10.671,0.5581,低
YES76817,0,-11.8681,0.4839,低
YES76805,0,-12.1999,0.4408,低
YES76788,0,-58.9582,0.0027,低
YES76779,0,-11.5504,0.5217,低
YES76765,0,-10.9129,0.5503,低
YEL86820,0,-12.1999,0.4408,低
YEL86786,0,-11.4331,0.5309,低
YEL86776,0,-11.5504,0.5217,低
YEL86764,0,-12.1095,0.4441,低
YEL86752,0,-11.5504,0.5217,低
YEL86740,0,-10.9129,0.5503,低
YEL86728,0,-11.1626,0.5417,低
YEL86703,0,-11.5504,0.5217,低
YEL86691,0,-11.5504,0.5217,低
YEL86679,0,-11.6114,0.5183,低
YEL86667,0,-8.4155,0.6248,低
YEL86655,0,-11.5504,0.5217,低
YEL86643,0,-11.9738,0.4686,低
YEL86633,0,-11.5504,0.5217,低
YEL86623,0,-11.5209,0.5282,低
YEL86614,0,-26.1692,0.1053,低
YEL86606,0,-15.3129,0.2768,低
YEL86592,0,-11.5504,0.5217,低
YEL86572,0,-10.9129,0.5503,低
YEL86562,0,-9.9299,0.5791,低
YEL86552,0,-11.8711,0.4836,低
YEL86540,0,-12.6585,0.3777,低
YEL86528,0,-14.2673,0.3029,低
YEJ23172,0,-12.1999,0.4408,低
YEJ23138,0,-11.4331,0.5309,低
YEJ23128,0,-11.5504,0.5217,低
YEJ23116,0,-12.1095,0.4441,低
YEJ23104,0,-11.5504,0.5217,低
YEJ23092,0,-10.9129,0.5503,低
YEJ23080,0,-11.1626,0.5417,低
YDU88057,0,-10.4188,0.5648,低
YDU88049,0,-7.2545,0.6981,低
YDU88043,0,-13.9889,0.3125,低
YDU88031,0,-10.6003,0.5601,低
YDU88029,0,-13.9889,0.3125,低
YDS75953,0,-10.0479,0.5753,低
YDS75936,0,-11.4805,0.5289,低
YDS21867,0,-11.5504,0.5217,低
YDS21866,0,-11.0077,0.5478,低
YDS04596,0,-19.377,0.1918,低
YDP78826,0,-9.094,0.601,低
YDP78825,0,-10.8291,0.5537,低
YDP78824,0,-11.5504,0.5217,低
YDP78823,0,-11.5504,0.5217,低
YDP78822,0,-11.5504,0.5217,低
YDP78821,0,-9.0756,0.6016,低
YDP78820,0,-11.5504,0.5217,低
YDP78819,0,-11.5504,0.5217,低
YDP78818,0,-11.5504,0.5217,低
YDP23704,0,-9.0756,0.6016,低
YDP23703,0,-14.8595,0.2886,低
YDP23702,0,-7.6904,0.6813,低
YDO02009,0,-14.2231,0.3044,低
YDO01999,0,-14.2231,0.3044,低
YDO01998,0,-14.2231,0.3044,低
YDO01961,0,-14.2231,0.3044,低
YDO01456,0,-10.5769,0.5606,低
YDN61910,0,-9.1641,0.5992,低
YDN61906,0,-15.6242,0.2707,低
YDN61904,0,-7.2865,0.6971,低
YDN61902,0,-15.4238,0.2744,低
YDN61870,0,-23.6623,0.1345,低
YDK26858,0,-12.3859,0.3996,低
YDK26856,0,-14.0279,0.3108,低
YDK26852,0,-9.4478,0.5926,低
YDK24084,0,-9.0756,0.6016,低
YDE69540,0,-9.0756,0.6016,低
YDE69515,0,-10.0304,0.5759,低
YCU88078,0,-11.4805,0.5289,低
YCU88066,0,-11.4805,0.5289,低
YCU88054,0,-10.7939,0.5545,低
YCU88042,0,-11.4805,0.5289,低
YCU88030,0,-11.5504,0.5217,低
YCU88018,0,-13.8043,0.3169,低
YCU88006,0,-11.5865,0.5191,低
YCU87994,0,-11.5158,0.5284,低
YCU87982,0,-11.5158,0.5284,低
YCU79270,0,-12.858,0.3627,低
YCU79266,0,-11.3088,0.535,低
YCP90508,0,-10.2479,0.5704,低
YEV12912,1,-4.5926,0.8181,低
YEO13386,1,-2.4626,0.8834,中
YEO13382,1,-2.9922,0.8704,低
YEO13359,1,-2.7855,0.8771,中
YEO13314,1,-2.4626,0.8834,中
YEO13276,1,-2.4626,0.8834,中
YEO13266,1,-1.0798,0.9088,中
YEO13234,1,-2.4626,0.8834,中
YEO13224,1,-2.4415,0.884,中
YDL35783,0,-3.0781,0.8674,低
