subtype,cluster_id,score_jump,score_jump_human,n,pos_ever,pos_ever_jh,first_jump,cluster,rank_jump,rank_jump_human
H5,157,-0.5776337766888812,-6.8632688554454715,10,0,0,0,H5/157,1,31
H5,81,-0.9500080401002933,-7.857181473609751,39,1,1,0,H5/81,2,44
H5,70,-1.2849510139273062,-8.706956088038986,23,1,1,1,H5/70,3,55
H1,33,-2.352474518989469,-2.2439114870313768,4,0,0,0,H1/33,4,2
H1,62,-2.5775464772008103,-4.111919360784549,1,0,0,0,H1/62,5,13
H1,53,-2.719405456474501,-2.3440780595266286,1,0,0,0,H1/53,6,3
H1,66,-2.726822511515456,-2.684737075628481,20,0,0,0,H1/66,7,4
H1,65,-3.0421027444484747,-3.3700385225525205,14,0,0,0,H1/65,8,7
H1,50,-3.2964215681867026,-3.749695019373931,2,0,0,0,H1/50,9,9
H5,153,-3.466125319777382,-10.481665401854727,27,1,1,1,H5/153,10,83
H5,250,-3.6754626598336255,-2.137484361826408,2,0,0,0,H5/250,11,1
H1,10,-3.7403998924789286,-5.1868548542186295,3,0,0,0,H1/10,12,26
H1,36,-3.8079232347142256,-5.135236255101724,29,1,1,1,H1/36,13,25
H5,387,-3.84179568883008,-10.565902559875038,1,0,0,0,H5/387,14,84
H1,32,-3.909855797658724,-4.254754171130147,346,0,0,0,H1/32,15,16
H1,63,-3.9387954729415724,-3.774869358273595,6,0,0,0,H1/63,16,10
H1,54,-3.9673390366476786,-4.496664214284856,108,0,0,0,H1/54,17,19
H1,68,-4.003446489797753,-3.803868200462362,5,0,0,0,H1/68,18,11
H1,35,-4.217625918351179,-3.1522025604991937,39,0,0,0,H1/35,19,6
H1,42,-4.241301434581605,-4.384069779021591,9,1,1,1,H1/42,20,17
H1,69,-4.255423529284931,-4.641194719007616,14,0,0,0,H1/69,21,21
H1,64,-4.433007099314284,-4.7703124803556936,92,0,0,0,H1/64,22,22
H1,796,-4.526365899274171,-11.75143281883788,2,0,0,0,H1/796,23,90
H1,37,-4.544912525117331,-2.7423486929889265,4,0,0,0,H1/37,24,5
H1,6,-4.641452878509265,-5.935173772077834,23,0,0,0,H1/6,25,27
H5,249,-4.673216409694136,-6.559627267959893,2,0,0,0,H5/249,26,29
H1,51,-4.718074583893594,-4.864152424794315,20,0,0,0,H1/51,27,24
H1,34,-4.7884659232737565,-4.5568946321311,65,1,1,1,H1/34,28,20
H1,70,-4.857288682518236,-4.47121853945799,4,0,0,0,H1/70,29,18
H1,49,-4.8714838005398455,-4.857258088313481,1,0,0,0,H1/49,30,23
H1,52,-4.87757901071765,-3.656489155125581,1,0,0,0,H1/52,31,8
H1,24,-5.3963005230685095,-7.33451095763983,1,0,0,0,H1/24,32,36
H1,59,-5.538952400067413,-22.368269847915272,3,0,0,0,H1/59,33,113
H3,279,-5.712580857813402,-4.157888562544164,2,0,0,0,H3/279,34,14
H3,149,-5.75093249212018,-7.691855631024456,1,0,0,0,H3/149,35,40
H1,15,-5.795134630474838,-4.247543835937384,1,1,1,1,H1/15,36,15
H1,31,-5.984954753316774,-23.322881952389398,16,0,0,0,H1/31,37,114
H3,277,-6.460682548808757,-7.339010077830418,4,0,0,0,H3/277,38,37
H3,36,-6.792716532667255,-11.527553167381374,1,0,0,0,H3/36,39,88
H1,67,-7.104965942585261,-6.921100956615438,1,0,0,0,H1/67,40,32
H3,115,-7.206945625880168,-7.9444711892787785,78,0,0,0,H3/115,41,48
H3,275,-7.328944642191066,-7.848281529839802,1,0,0,0,H3/275,42,43
H3,111,-7.384156743187771,-3.8826053009063384,3,0,0,0,H3/111,43,12
H3,116,-7.416805664275401,-7.135703090736577,2,0,0,0,H3/116,44,34
H3,112,-7.471411319410208,-6.775379345088197,6,0,0,0,H3/112,45,30
H1,58,-7.689243986714629,-23.65407228308435,2,0,0,0,H1/58,46,115
H5,247,-7.695556404521247,-7.834186949508785,1,0,0,0,H5/247,47,42
H3,278,-7.703080452383922,-7.941346391521215,3,0,0,0,H3/278,48,47
H3,144,-7.947590473381743,-11.61512726896181,2,0,0,0,H3/144,49,89
H3,101,-8.00547475211188,-7.658073765441543,2,0,0,0,H3/101,50,39
H3,126,-8.040714318433327,-7.697552468236888,24,0,0,0,H3/126,51,41
H3,150,-8.098493520933568,-7.188791589249892,6,0,0,0,H3/150,52,35
H3,141,-8.196931833244108,-9.138690889908565,14,0,0,0,H3/141,53,64
H3,148,-8.406557930728745,-10.246987210088081,3,0,0,0,H3/148,54,81
H1,799,-8.477611857478355,-16.284619000467227,1,0,0,0,H1/799,55,101
H3,138,-8.525370442371436,-8.949197004251607,55,0,0,0,H3/138,56,61
H3,140,-8.53949485136671,-7.8764715360899435,17,0,0,0,H3/140,57,46
H3,79,-8.542102048382022,-8.579115223198905,131,0,0,0,H3/79,58,54
H3,72,-8.55289805447756,-8.031954706225585,109,0,0,0,H3/72,59,49
H3,271,-8.618364517927732,-12.511646192222427,1,0,0,0,H3/271,60,91
H3,151,-8.696109622749425,-9.243322529279109,7,0,0,0,H3/151,61,65
H3,106,-8.738545263992272,-8.296792016465245,7,0,0,0,H3/106,62,51
H3,161,-8.855263957418169,-7.864902399569966,1,0,0,0,H3/161,63,45
H3,154,-8.915932322647677,-14.862635205217645,1,0,0,0,H3/154,64,97
H3,118,-8.929193438035709,-8.284383899491417,15,0,0,0,H3/118,65,50
H3,143,-8.930682600353812,-9.571044064335618,3,0,0,0,H3/143,66,75
H3,135,-8.970151846599025,-9.514738705987686,111,0,0,0,H3/135,67,73
H3,123,-9.087889418103094,-8.716316025725545,295,0,0,0,H3/123,68,56
H3,110,-9.158156813782767,-7.116780077199199,5,0,0,0,H3/110,69,33
H3,139,-9.226903187353098,-9.478711066957171,113,0,0,0,H3/139,70,70
H3,86,-9.23576661667574,-8.37426332706508,2,0,0,0,H3/86,71,52
H3,104,-9.303121256172926,-8.73462415836004,170,0,0,0,H3/104,72,57
H3,124,-9.369252364465229,-8.748217591463373,6,0,0,0,H3/124,73,58
H3,121,-9.385903077210905,-9.297014649108407,20,0,0,0,H3/121,74,67
H3,137,-9.40655994081942,-8.950349344511345,55,0,0,0,H3/137,75,62
H3,105,-9.42347064915297,-7.605453658320028,81,0,0,0,H3/105,76,38
H3,142,-9.44287444616169,-9.504833367065503,6,0,0,0,H3/142,77,72
H1,795,-9.44423676180322,-16.21997518051974,1,0,0,0,H1/795,78,100
H3,128,-9.46175051850491,-23.847425737402144,11,0,0,0,H3/128,79,116
H3,146,-9.529724599345748,-9.261540930864392,5,0,0,0,H3/146,80,66
H3,120,-9.609807459624566,-8.501336252134317,5,0,0,0,H3/120,81,53
H3,127,-9.68036062821615,-9.309974862187333,14,0,0,0,H3/127,82,68
H3,281,-9.72298028705989,-10.768936821670335,2,0,0,0,H3/281,83,85
H3,108,-9.767704816236515,-8.78607399968072,45,0,0,0,H3/108,84,59
H3,102,-9.81465371670687,-8.882392127890332,3,0,0,0,H3/102,85,60
H3,147,-9.83564420211846,-10.264436433191111,2,0,0,0,H3/147,86,82
H3,117,-9.85242523190417,-9.748745140000159,6,0,0,0,H3/117,87,78
H3,145,-9.957368625226565,-9.812853420753648,4,0,0,0,H3/145,88,79
H3,272,-9.963683871740688,-11.334973808635471,1,0,0,0,H3/272,89,87
H3,113,-10.023357439348782,-9.096606916351158,1,0,0,0,H3/113,90,63
H1,794,-10.03850143831319,-17.987728028659145,1,0,0,0,H1/794,91,104
H3,158,-10.15761049660368,-16.810246335645644,2,0,0,0,H3/158,92,102
H3,159,-10.286271780413657,-13.552201262085273,1,0,0,0,H3/159,93,94
H3,136,-10.390757424911714,-9.548321963841127,3,0,0,0,H3/136,94,74
H3,157,-10.39858407299192,-17.553700835969238,1,0,0,0,H3/157,95,103
H3,273,-10.407004093078708,-9.435883711280715,2,0,0,0,H3/273,96,69
H3,5,-10.609548916383282,-19.987695630218493,2,0,0,0,H3/5,97,109
H3,119,-10.62133694571499,-9.641915117601426,39,0,0,0,H3/119,98,76
H3,274,-10.68886209647537,-9.692661386191128,1,0,0,0,H3/274,99,77
H3,276,-10.818313917287428,-9.949512434056313,6,0,0,0,H3/276,100,80
H3,114,-10.900894968016662,-9.491189800606076,7,0,0,0,H3/114,101,71
H3,153,-11.16392783928872,-15.931825739051824,1,0,0,0,H3/153,102,99
H3,103,-11.222692203194946,-11.163872765716363,103,0,0,0,H3/103,103,86
H3,125,-11.420362497928474,-13.530990379579316,15,0,0,0,H3/125,104,93
H3,162,-11.51862366985141,-14.82873437098382,1,0,0,0,H3/162,105,96
H3,283,-11.728209305280409,-18.49827389404581,1,0,0,0,H3/283,106,106
H1,798,-11.869106663536378,-18.768533977679624,1,0,0,0,H1/798,107,107
H3,160,-12.119562864987586,-18.30205682883407,1,0,0,0,H3/160,108,105
H1,797,-12.27137035171014,-19.871151927057348,1,0,0,0,H1/797,109,108
H3,122,-12.335404478669398,-12.573279010938249,34,0,0,0,H3/122,110,92
H3,109,-12.42559044042834,-6.434721538156805,2,0,0,0,H3/109,111,28
H3,155,-12.82492732497374,-14.700595000303888,2,0,0,0,H3/155,112,95
H3,156,-13.576994636641036,-20.076285889861552,1,0,0,0,H3/156,113,110
H3,152,-13.639578508474628,-14.931090622765712,1,0,0,0,H3/152,114,98
H3,284,-15.770877817113249,-21.890383910711225,1,0,0,0,H3/284,115,112
H1,800,-15.789317072062532,-21.37727863622934,1,0,0,0,H1/800,116,111
H5,248,-16.729914183325054,-45.63085251052849,1,0,0,0,H5/248,117,131
H1,47,-17.1621957508537,-25.40847302688816,1,0,0,0,H1/47,118,118
H1,524,-17.41544384457888,-24.99511846580689,1,0,0,0,H1/524,119,117
H7,85,-18.928719314579357,-45.28899972066017,1,0,0,0,H7/85,120,129
H7,72,-19.197937829987872,-43.753531782381344,17,0,0,0,H7/72,121,127
H1,531,-19.333433002399847,-27.89265876848295,3,0,0,0,H1/531,122,119
H7,84,-19.804919361814108,-44.62965432148925,1,0,0,0,H7/84,123,128
H1,553,-22.40793607509049,-30.17024868684259,1,0,0,0,H1/553,124,121
H1,560,-23.0235896762662,-30.1530293319482,1,0,0,0,H1/560,125,120
H7,81,-24.1030000302066,-53.43456084527545,3,0,0,0,H7/81,126,135
H5,430,-24.282167870204496,-51.326856138673904,1,0,0,0,H5/430,127,134
H1,556,-24.83497673440923,-35.43710213058264,1,0,0,0,H1/556,128,126
H7,82,-25.006713262224743,-51.116563924301886,1,0,0,0,H7/82,129,133
H1,670,-26.14342264366357,-31.105785777576592,1,0,0,0,H1/670,130,122
H1,554,-29.34902940695165,-33.957337796904284,1,0,0,0,H1/554,131,123
H1,555,-29.86766383951964,-34.43509183429423,1,0,0,0,H1/555,132,124
H1,559,-31.781148895120893,-34.98770766027865,1,0,0,0,H1/559,133,125
H5,156,-33.75687342384325,-58.46315386749289,1,0,0,0,H5/156,134,136
H1,558,-37.28229952078218,-45.44331924710099,1,0,0,0,H1/558,135,130
H1,557,-39.71724602472465,-49.7985794100028,1,0,0,0,H1/557,136,132
