accession,subtype,host_category,cluster_id,label,score,rank
YEO13266,H5,avian,70,1,-1.079836767097186,1
YEO13224,H5,avian,70,1,-2.441497039058987,2
YEO13386,H5,avian,70,1,-2.462592497912654,3
YEO13314,H5,avian,70,1,-2.462592497912654,4
YEO13276,H5,avian,70,1,-2.462592497912654,5
YEO13234,H5,avian,70,1,-2.462592497912654,6
YDK26866,H1,swine,15,1,-2.709321909551692,7
YEO13359,H5,avian,70,1,-2.785527513071509,8
YEO13382,H5,avian,70,1,-2.9921584175237808,9
YDL35783,H5,avian,462,0,-3.078070777743866,10
YEV12912,H5,avian,70,1,-4.592601418618665,11
YDS04592,H1,swine,13,0,-5.393714353336434,12
YDN61888,H1,swine,13,0,-5.532318628706287,13
YDN61914,H1,swine,753,0,-5.823990360978764,14
YDK26862,H1,swine,13,0,-5.838410005762623,15
YDU88069,H1,swine,10,0,-6.356420571598374,16
YEJ23068,H1,human,7,0,-6.441486942762685,17
YEL86716,H1,human,7,0,-6.441486942762685,18
YDU88039,H1,swine,12,0,-6.848371450943628,19
YDU88049,H3,swine,27,0,-7.254514240076615,20
YDN61904,H3,swine,36,0,-7.286534934345555,21
YDU88011,H1,swine,751,0,-7.3657579295491855,22
YDU88027,H1,swine,10,0,-7.58815280461172,23
YDN61854,H1,swine,10,0,-7.58815280461172,24
YDP23702,H3,human,1,0,-7.69042928864992,25
YDP22891,H1,human,7,0,-7.95268491920401,26
YDN61876,H1,swine,13,0,-7.986601599002651,27
YEL86667,H3,human,1,0,-8.415456542475404,28
YEL86808,H1,human,6,0,-8.518342157268707,29
YEJ23160,H1,human,6,0,-8.518342157268707,30
YDE67920,H1,human,7,0,-8.643569021810844,31
YDP23704,H3,human,1,0,-9.07559530256861,32
YDP78821,H3,human,1,0,-9.07559530256861,33
YDE69540,H3,human,1,0,-9.07559530256861,34
YDK24084,H3,human,1,0,-9.07559530256861,35
YDP78826,H3,human,1,0,-9.094043133676216,36
YDU88075,H1,swine,743,0,-9.102536623847824,37
YDN61910,H3,swine,35,0,-9.164133259391669,38
YDV55506,H1,human,6,0,-9.191873082548843,39
YDU88021,H1,swine,750,0,-9.341390984026482,40
YDU88067,H1,swine,744,0,-9.394695239595992,41
YDK26852,H3,swine,41,0,-9.447778917974158,42
YDU88013,H1,swine,743,0,-9.49465572111548,43
YEL86562,H3,human,1,0,-9.929881080555791,44
YDE69515,H3,human,1,0,-10.03041890680806,45
YDS75953,H3,human,1,0,-10.047907497243049,46
YDU88059,H1,swine,744,0,-10.10834987036816,47
YCS47967,H1,swine,780,0,-10.2173457441762,48
YCP90508,H3,human,1,0,-10.247946602807792,49
YDU88057,H3,swine,26,0,-10.418843736104836,50
YDO01456,H3,human,1,0,-10.576876032717308,51
YDU88031,H3,swine,29,0,-10.600258288217304,52
YES77086,H3,human,1,0,-10.670982945819194,53
YES76829,H3,human,1,0,-10.670982945819194,54
YCU88054,H3,human,1,0,-10.793858713573304,55
YDN61868,H1,swine,14,0,-10.822359564588282,56
YDP78825,H3,human,1,0,-10.829080193301204,57
YEL86797,H1,human,7,0,-10.87020697929312,58
YDE67921,H1,human,7,0,-10.87020697929312,59
YEJ23149,H1,human,7,0,-10.87020697929312,60
YDN61862,H1,swine,11,0,-10.8783483653617,61
YDU88047,H1,swine,11,0,-10.8783483653617,62
YES76765,H3,human,1,0,-10.912910357777168,63
YEL86740,H3,human,1,0,-10.912910357777168,64
YEJ23092,H3,human,1,0,-10.912910357777168,65
YEL86572,H3,human,1,0,-10.912910357777168,66
YES77020,H3,human,1,0,-10.912910357777168,67
YDS21866,H3,human,1,0,-11.007742546496903,68
YEV49066,H3,human,1,0,-11.116939225743856,69
YEV49220,H3,human,1,0,-11.116939225743856,70
YEV49102,H3,human,1,0,-11.116939225743856,71
YEL86728,H3,human,1,0,-11.162637204548908,72
YEJ23080,H3,human,1,0,-11.162637204548908,73
YCU79266,H3,human,1,0,-11.308817088686082,74
YDU88033,H1,swine,750,0,-11.424764027131506,75
YEL86786,H3,human,1,0,-11.433147040867222,76
YEJ23138,H3,human,1,0,-11.433147040867222,77
YEV49114,H3,human,1,0,-11.480503486640734,78
YEV49196,H3,human,1,0,-11.480503486640734,79
YEV49054,H3,human,1,0,-11.480503486640734,80
YCU88078,H3,human,1,0,-11.480503486640734,81
YCU88042,H3,human,1,0,-11.480503486640734,82
YDS75936,H3,human,1,0,-11.480503486640734,83
YCU88066,H3,human,1,0,-11.480503486640734,84
YEV49184,H3,human,1,0,-11.480503486640734,85
YCU87982,H3,human,1,0,-11.515799335242365,86
YCU87994,H3,human,1,0,-11.515799335242365,87
YEL86623,H3,human,1,0,-11.520880947248404,88
YDP78819,H3,human,1,0,-11.550426227825676,89
YDP78820,H3,human,1,0,-11.550426227825676,90
YDP78823,H3,human,1,0,-11.550426227825676,91
YDP78824,H3,human,1,0,-11.550426227825676,92
YEJ23128,H3,human,1,0,-11.550426227825676,93
YCU88030,H3,human,1,0,-11.550426227825676,94
YEL86592,H3,human,1,0,-11.550426227825676,95
YDS21867,H3,human,1,0,-11.550426227825676,96
YES77121,H3,human,1,0,-11.550426227825676,97
YEV49126,H3,human,1,0,-11.550426227825676,98
YEL86752,H3,human,1,0,-11.550426227825676,99
YES77034,H3,human,1,0,-11.550426227825676,100
YES76864,H3,human,1,0,-11.550426227825676,101
YES76779,H3,human,1,0,-11.550426227825676,102
YEV49078,H3,human,1,0,-11.550426227825676,103
YEV49208,H3,human,1,0,-11.550426227825676,104
YEL86776,H3,human,1,0,-11.550426227825676,105
YEL86691,H3,human,1,0,-11.550426227825676,106
YEL86633,H3,human,1,0,-11.550426227825676,107
YEL86655,H3,human,1,0,-11.550426227825676,108
YDP78822,H3,human,1,0,-11.550426227825676,109
YDP78818,H3,human,1,0,-11.550426227825676,110
YEJ23104,H3,human,1,0,-11.550426227825676,111
YEL86703,H3,human,1,0,-11.550426227825676,112
YCU88006,H3,human,1,0,-11.586487748431104,113
YEL86679,H3,human,1,0,-11.6113675448703,114
YES76817,H3,human,1,0,-11.868066357179307,115
YES77074,H3,human,1,0,-11.868066357179307,116
YEL86552,H3,human,1,0,-11.87106937437425,117
YCS47971,H1,swine,748,0,-11.901839794885436,118
YCS47961,H1,swine,748,0,-11.901839794885436,119
YEL86643,H3,human,1,0,-11.973845731086127,120
YEL86764,H3,human,2,0,-12.10952623768066,121
YEJ23116,H3,human,2,0,-12.10952623768066,122
YES76805,H3,human,2,0,-12.1998894208008,123
YES77145,H3,human,2,0,-12.1998894208008,124
YES76888,H3,human,2,0,-12.1998894208008,125
YES77133,H3,human,2,0,-12.1998894208008,126
YES76876,H3,human,2,0,-12.1998894208008,127
YEV49090,H3,human,2,0,-12.1998894208008,128
YES77062,H3,human,2,0,-12.1998894208008,129
YEL86820,H3,human,2,0,-12.1998894208008,130
YEJ23172,H3,human,2,0,-12.1998894208008,131
YDK26858,H3,swine,40,0,-12.38592346620667,132
YDU88065,H1,swine,11,0,-12.641816364300851,133
YEL86540,H3,human,1,0,-12.658517338232564,134
YCU79270,H3,human,1,0,-12.85795992876224,135
YDU88037,H1,swine,748,0,-13.467004381359748,136
YCU88018,H3,human,1,0,-13.80432490359417,137
YDN61866,H1,swine,757,0,-13.962459552647422,138
YDU88043,H3,swine,28,0,-13.988879822461191,139
YDU88029,H3,swine,28,0,-13.988879822461191,140
YDK26856,H3,swine,41,0,-14.02785402500002,141
YDO01961,H3,human,1,0,-14.22313504148003,142
YDO01999,H3,human,1,0,-14.22313504148003,143
YDO01998,H3,human,1,0,-14.22313504148003,144
YDO02009,H3,human,1,0,-14.22313504148003,145
YEL86528,H3,human,2,0,-14.2672701300239,146
YDN61872,H1,swine,756,0,-14.591211471527195,147
YDP23703,H3,human,1,0,-14.859487993128392,148
YEL86606,H3,human,1,0,-15.312931110316248,149
YDK26860,H1,swine,760,0,-15.36552983643574,150
YDN61856,H1,swine,522,0,-15.414729937066642,151
YDN61902,H3,swine,37,0,-15.423820310993197,152
YDU88045,H1,swine,747,0,-15.490050180416064,153
YDU88061,H1,swine,745,0,-15.49235746009251,154
YDN61906,H3,swine,57,0,-15.624248224791852,155
YDN61884,H1,swine,755,0,-15.626686823578044,156
YDN61892,H1,swine,754,0,-15.656907422189164,157
YDN61912,H1,swine,517,0,-15.88179759011456,158
YDS04598,H1,swine,752,0,-15.897435164919674,159
YDN61880,H1,swine,517,0,-16.0465688833804,160
YDU88035,H1,swine,749,0,-16.71583689611939,161
YDU88019,H1,swine,513,0,-16.946399089304307,162
YDU88051,H1,swine,746,0,-17.215171253026384,163
YDN61886,H1,swine,517,0,-17.38289197093876,164
YES76841,H3,human,4,0,-17.74113749391607,165
YES77098,H3,human,4,0,-17.74113749391607,166
YDU88015,H1,swine,514,0,-18.896934400043133,167
YDK26854,H1,swine,524,0,-19.26865441488816,168
YDS04596,H3,swine,30,0,-19.37696952841596,169
YDN61894,H1,swine,514,0,-20.072103051110258,170
YDN61896,H1,swine,514,0,-20.072103051110258,171
YDN61898,H1,swine,514,0,-20.072103051110258,172
YDN61916,H1,swine,514,0,-20.072103051110258,173
YDN61852,H1,swine,759,0,-21.16908471785122,174
YDN61878,H1,swine,514,0,-21.295883102527043,175
YDN61882,H1,swine,520,0,-21.66780689637602,176
YDK26864,H1,swine,523,0,-22.97443832582553,177
YDN61870,H3,swine,38,0,-23.66230467072104,178
YEL86614,H3,human,604,0,-26.169170633782223,179
YDU88023,H1,swine,512,0,-28.805641857801483,180
YDN61874,H1,swine,507,0,-29.449748498947947,181
YDN61908,H1,swine,518,0,-29.46418193271948,182
YDU88053,H1,swine,510,0,-29.468358207973047,183
YDU88071,H1,swine,507,0,-29.90810764330216,184
YDU88041,H1,swine,509,0,-30.68230646720083,185
YDU88055,H1,swine,509,0,-31.138576221990604,186
YDU88073,H1,swine,506,0,-31.94458565378681,187
YDN61890,H1,swine,515,0,-32.180685649580695,188
YDS04594,H1,swine,515,0,-32.180685649580695,189
YDN61900,H1,swine,519,0,-33.01755712343399,190
YDN61864,H1,swine,512,0,-33.17891111574543,191
YDU88017,H1,swine,512,0,-33.17891111574543,192
YDU88025,H1,swine,511,0,-35.24919087161757,193
YDU88077,H1,swine,505,0,-37.105577100768286,194
YDU88063,H1,swine,508,0,-37.23669201004268,195
YDN61858,H1,swine,521,0,-39.79365226904836,196
YCS47969,H1,swine,521,0,-40.89199241912456,197
YCS47965,H1,swine,521,0,-40.89199241912456,198
YDS04590,H1,swine,516,0,-44.365724761391725,199
YES76788,H3,human,653,0,-58.95819942731123,200
YES77043,H3,human,653,0,-58.95819942731123,201
